Date,AAPL,AMZN,GOOGL,MSFT,TSLA,NVDA,META
6/2/2025,$201.70 ,$206.65 ,$169.03 ,$461.97 ,$342.69 ,$137.38 ,$670.90 
5/30/2025,$200.85 ,$205.01 ,$171.74 ,$460.36 ,$346.46 ,$135.13 ,$647.49 
5/29/2025,$199.95 ,$205.70 ,$171.86 ,$458.68 ,$358.43 ,$139.19 ,$645.05 
5/28/2025,$200.42 ,$204.72 ,$172.36 ,$457.36 ,$356.90 ,$134.81 ,$643.58 
5/27/2025,$200.21 ,$206.02 ,$172.90 ,$460.69 ,$362.89 ,$135.50 ,$642.32 
5/23/2025,$195.27 ,$200.99 ,$168.47 ,$450.18 ,$339.34 ,$131.29 ,$627.06 
5/22/2025,$201.36 ,$203.10 ,$170.87 ,$454.86 ,$341.04 ,$132.83 ,$636.57 
5/21/2025,$202.09 ,$201.12 ,$168.56 ,$452.57 ,$334.62 ,$131.80 ,$635.50 
5/20/2025,$206.86 ,$204.07 ,$163.98 ,$458.17 ,$343.82 ,$134.38 ,$637.10 
5/19/2025,$208.78 ,$206.16 ,$166.54 ,$458.87 ,$342.09 ,$135.57 ,$640.43 
5/16/2025,$211.26 ,$205.59 ,$166.19 ,$454.27 ,$349.98 ,$135.40 ,$640.34 
5/15/2025,$211.45 ,$205.17 ,$163.96 ,$453.13 ,$342.82 ,$134.83 ,$643.88 
5/14/2025,$212.33 ,$210.25 ,$165.37 ,$452.94 ,$347.68 ,$135.34 ,$659.36 
5/13/2025,$212.93 ,$211.37 ,$159.53 ,$449.14 ,$334.07 ,$129.93 ,$656.03 
5/12/2025,$210.79 ,$208.64 ,$158.46 ,$449.26 ,$318.38 ,$123.00 ,$639.43 
5/9/2025,$198.53 ,$193.06 ,$152.75 ,$438.73 ,$298.26 ,$116.65 ,$592.49 
5/8/2025,$197.49 ,$192.08 ,$154.28 ,$438.17 ,$284.82 ,$117.37 ,$598.01 
5/7/2025,$196.25 ,$188.71 ,$151.38 ,$433.35 ,$276.22 ,$117.06 ,$596.81 
5/6/2025,$198.51 ,$185.01 ,$163.23 ,$433.31 ,$275.35 ,$113.54 ,$587.31 
5/5/2025,$198.89 ,$186.35 ,$164.21 ,$436.17 ,$280.26 ,$113.82 ,$599.27 
5/2/2025,$205.35 ,$189.98 ,$164.03 ,$435.28 ,$287.21 ,$114.50 ,$597.02 
5/1/2025,$213.32 ,$190.20 ,$161.30 ,$425.40 ,$280.52 ,$111.61 ,$572.21 
4/30/2025,$212.50 ,$184.42 ,$158.80 ,$395.26 ,$282.16 ,$108.92 ,$549.00 
4/29/2025,$211.21 ,$187.39 ,$160.16 ,$394.04 ,$292.03 ,$109.02 ,$554.44 
4/28/2025,$210.14 ,$187.70 ,$160.61 ,$391.16 ,$285.88 ,$108.73 ,$549.74 
4/25/2025,$209.28 ,$188.99 ,$161.96 ,$391.85 ,$284.95 ,$111.01 ,$547.27 
4/24/2025,$208.37 ,$186.54 ,$159.28 ,$387.30 ,$259.51 ,$106.43 ,$533.15 
4/23/2025,$204.60 ,$180.60 ,$155.35 ,$374.39 ,$250.74 ,$102.71 ,$520.27 
4/22/2025,$199.74 ,$173.18 ,$151.47 ,$366.82 ,$237.97 ,$98.89 ,$500.28 
4/21/2025,$193.16 ,$167.32 ,$147.67 ,$359.12 ,$227.50 ,$96.91 ,$484.66 
4/17/2025,$196.98 ,$172.61 ,$151.16 ,$367.78 ,$241.37 ,$101.49 ,$501.48 
4/16/2025,$194.27 ,$174.33 ,$153.33 ,$371.61 ,$241.55 ,$104.49 ,$502.31 
4/15/2025,$202.14 ,$179.59 ,$156.31 ,$385.73 ,$254.11 ,$112.20 ,$521.52 
4/14/2025,$202.52 ,$182.12 ,$159.07 ,$387.81 ,$252.35 ,$110.71 ,$531.48 
4/11/2025,$198.15 ,$184.87 ,$157.14 ,$388.45 ,$252.31 ,$110.93 ,$543.57 
4/10/2025,$190.42 ,$181.22 ,$152.82 ,$381.35 ,$252.40 ,$107.57 ,$546.29 
4/9/2025,$198.85 ,$191.10 ,$158.71 ,$390.49 ,$272.20 ,$114.33 ,$585.77 
4/8/2025,$172.42 ,$170.66 ,$144.70 ,$354.56 ,$221.86 ,$96.30 ,$510.45 
4/7/2025,$181.46 ,$175.26 ,$146.75 ,$357.86 ,$233.29 ,$97.64 ,$516.25 
4/4/2025,$188.38 ,$171.00 ,$145.60 ,$359.84 ,$239.43 ,$94.31 ,$504.73 
4/3/2025,$203.19 ,$178.41 ,$150.72 ,$373.11 ,$267.28 ,$101.80 ,$531.62 
4/2/2025,$223.89 ,$196.01 ,$157.04 ,$382.14 ,$282.76 ,$110.42 ,$583.93 
4/1/2025,$223.19 ,$192.17 ,$157.07 ,$382.19 ,$268.46 ,$110.15 ,$586.00 
3/31/2025,$222.13 ,$190.26 ,$154.64 ,$375.39 ,$259.16 ,$108.38 ,$576.36 
3/28/2025,$217.90 ,$192.72 ,$154.33 ,$378.80 ,$263.55 ,$109.67 ,$576.74 
3/27/2025,$223.85 ,$201.36 ,$162.24 ,$390.58 ,$273.13 ,$111.43 ,$602.58 
3/26/2025,$221.53 ,$201.13 ,$165.06 ,$389.97 ,$272.06 ,$113.76 ,$610.98 
3/25/2025,$223.75 ,$205.71 ,$170.56 ,$395.16 ,$288.14 ,$120.69 ,$626.31 
3/24/2025,$220.73 ,$203.26 ,$167.68 ,$393.08 ,$278.39 ,$121.41 ,$618.85 
3/21/2025,$218.27 ,$196.21 ,$163.99 ,$391.26 ,$248.71 ,$117.70 ,$596.25 
3/20/2025,$214.10 ,$194.95 ,$162.80 ,$386.84 ,$236.26 ,$118.53 ,$586.00 
3/19/2025,$215.24 ,$195.54 ,$163.89 ,$387.82 ,$235.86 ,$117.52 ,$584.06 
3/18/2025,$212.69 ,$192.82 ,$160.67 ,$383.52 ,$225.31 ,$115.43 ,$582.36 
3/17/2025,$214.00 ,$195.74 ,$164.29 ,$388.70 ,$238.01 ,$119.53 ,$604.90 
3/14/2025,$213.49 ,$197.95 ,$165.49 ,$388.56 ,$249.98 ,$121.67 ,$607.60 
3/13/2025,$209.68 ,$193.89 ,$162.76 ,$378.77 ,$240.68 ,$115.58 ,$590.64 
3/12/2025,$216.98 ,$198.89 ,$167.11 ,$383.27 ,$248.09 ,$115.74 ,$619.56 
3/11/2025,$220.84 ,$196.59 ,$164.04 ,$380.45 ,$230.58 ,$108.76 ,$605.71 
3/10/2025,$227.48 ,$194.54 ,$165.87 ,$380.16 ,$222.15 ,$106.98 ,$597.99 
3/7/2025,$239.07 ,$199.25 ,$173.86 ,$393.31 ,$262.67 ,$112.69 ,$625.66 
3/6/2025,$235.33 ,$200.70 ,$172.35 ,$396.89 ,$263.45 ,$110.57 ,$627.93 
3/5/2025,$235.74 ,$208.36 ,$173.02 ,$401.02 ,$279.10 ,$117.30 ,$656.47 
3/4/2025,$235.93 ,$203.80 ,$170.92 ,$388.61 ,$272.04 ,$115.99 ,$640.00 
3/3/2025,$238.03 ,$205.02 ,$167.01 ,$388.49 ,$284.65 ,$114.06 ,$655.05 
2/28/2025,$241.84 ,$212.28 ,$170.28 ,$396.99 ,$292.98 ,$124.92 ,$668.20 
2/27/2025,$237.30 ,$208.74 ,$168.50 ,$392.53 ,$281.95 ,$120.15 ,$658.24 
2/26/2025,$240.36 ,$214.35 ,$172.73 ,$399.73 ,$290.80 ,$131.28 ,$673.70 
2/25/2025,$247.04 ,$212.80 ,$175.42 ,$397.90 ,$302.80 ,$126.63 ,$657.50 
2/24/2025,$247.10 ,$212.71 ,$179.25 ,$404.00 ,$330.53 ,$130.28 ,$668.13 
2/21/2025,$245.55 ,$216.58 ,$179.66 ,$408.21 ,$337.80 ,$134.43 ,$683.55 
2/20/2025,$245.83 ,$222.88 ,$184.56 ,$416.13 ,$354.40 ,$140.11 ,$694.84 
2/19/2025,$244.87 ,$226.63 ,$185.27 ,$414.77 ,$360.56 ,$139.23 ,$703.77 
2/18/2025,$244.47 ,$226.65 ,$183.77 ,$409.64 ,$354.11 ,$139.40 ,$716.37 
2/14/2025,$244.60 ,$228.68 ,$185.23 ,$408.43 ,$355.84 ,$138.85 ,$736.67 
2/13/2025,$241.53 ,$230.37 ,$186.14 ,$410.54 ,$355.94 ,$135.29 ,$728.56 
2/12/2025,$236.87 ,$228.93 ,$183.61 ,$409.04 ,$336.51 ,$131.14 ,$725.38 
2/11/2025,$232.62 ,$232.76 ,$185.32 ,$411.44 ,$328.50 ,$132.80 ,$719.80 
2/10/2025,$227.65 ,$233.14 ,$186.47 ,$412.22 ,$350.73 ,$133.57 ,$717.40 
2/7/2025,$227.63 ,$229.15 ,$185.34 ,$409.75 ,$361.62 ,$129.84 ,$714.52 
2/6/2025,$233.22 ,$238.83 ,$191.60 ,$415.82 ,$374.32 ,$128.68 ,$711.99 
2/5/2025,$232.47 ,$236.17 ,$191.33 ,$413.29 ,$378.17 ,$124.83 ,$704.87 
2/4/2025,$232.80 ,$242.06 ,$206.38 ,$412.37 ,$392.21 ,$118.65 ,$704.19 
2/3/2025,$228.01 ,$237.42 ,$201.23 ,$410.92 ,$383.68 ,$116.66 ,$697.46 
1/31/2025,$236.00 ,$237.68 ,$204.02 ,$415.06 ,$404.60 ,$120.07 ,$689.18 
1/30/2025,$237.59 ,$234.64 ,$200.87 ,$414.99 ,$400.28 ,$124.65 ,$687.00 
1/29/2025,$239.36 ,$237.07 ,$195.41 ,$442.33 ,$389.10 ,$123.70 ,$676.49 
1/28/2025,$238.26 ,$238.15 ,$195.30 ,$447.20 ,$398.09 ,$128.99 ,$674.33 
1/27/2025,$229.86 ,$235.42 ,$191.81 ,$434.56 ,$397.15 ,$118.42 ,$659.88 
1/24/2025,$222.78 ,$234.85 ,$200.21 ,$444.06 ,$406.58 ,$142.62 ,$647.49 
1/23/2025,$223.66 ,$235.42 ,$197.98 ,$446.71 ,$412.38 ,$147.22 ,$636.45 
1/22/2025,$223.83 ,$235.01 ,$198.37 ,$446.20 ,$415.11 ,$147.07 ,$623.50 
1/21/2025,$222.64 ,$230.71 ,$198.05 ,$428.50 ,$424.07 ,$140.83 ,$616.46 
1/17/2025,$229.98 ,$225.94 ,$196.00 ,$429.03 ,$426.50 ,$137.71 ,$612.77 
1/16/2025,$228.26 ,$220.66 ,$192.91 ,$424.58 ,$413.82 ,$133.57 ,$611.30 
1/15/2025,$237.87 ,$223.35 ,$195.55 ,$426.31 ,$428.22 ,$136.24 ,$617.12 
1/14/2025,$233.28 ,$217.76 ,$189.66 ,$415.67 ,$396.36 ,$131.76 ,$594.25 
1/13/2025,$234.40 ,$218.46 ,$191.01 ,$417.19 ,$403.31 ,$133.23 ,$608.33 
1/10/2025,$236.85 ,$218.94 ,$192.04 ,$418.95 ,$394.74 ,$135.91 ,$615.86 
1/8/2025,$242.70 ,$222.13 ,$193.95 ,$424.56 ,$394.94 ,$140.11 ,$610.72 
1/7/2025,$242.21 ,$222.11 ,$195.49 ,$422.37 ,$394.36 ,$140.14 ,$617.89 
1/6/2025,$245.00 ,$227.61 ,$196.87 ,$427.85 ,$411.05 ,$149.43 ,$630.20 
1/3/2025,$243.36 ,$224.19 ,$191.79 ,$423.35 ,$410.44 ,$144.47 ,$604.63 
1/2/2025,$243.85 ,$220.22 ,$189.43 ,$418.58 ,$379.28 ,$138.31 ,$599.24 
12/31/2024,$250.42 ,$219.39 ,$189.30 ,$421.50 ,$403.84 ,$134.29 ,$585.51 
12/30/2024,$252.20 ,$221.30 ,$191.24 ,$424.83 ,$417.41 ,$137.49 ,$591.24 
12/27/2024,$255.59 ,$223.75 ,$192.76 ,$430.53 ,$431.66 ,$137.01 ,$599.81 
12/26/2024,$259.02 ,$227.05 ,$195.60 ,$438.11 ,$454.13 ,$139.93 ,$603.35 
12/24/2024,$258.20 ,$229.05 ,$196.11 ,$439.33 ,$462.28 ,$140.22 ,$607.75 
12/23/2024,$255.27 ,$225.06 ,$194.63 ,$435.25 ,$430.60 ,$139.67 ,$599.85 
12/20/2024,$254.49 ,$224.92 ,$191.41 ,$436.60 ,$421.06 ,$134.70 ,$585.25 
12/19/2024,$249.79 ,$223.29 ,$188.51 ,$437.03 ,$436.17 ,$130.68 ,$595.57 
12/18/2024,$248.05 ,$220.52 ,$188.40 ,$437.39 ,$440.13 ,$128.91 ,$597.19 
12/17/2024,$253.48 ,$231.15 ,$195.42 ,$454.46 ,$479.86 ,$130.39 ,$619.44 
12/16/2024,$251.04 ,$232.93 ,$196.66 ,$451.59 ,$463.02 ,$132.00 ,$624.24 
12/13/2024,$248.13 ,$227.46 ,$189.82 ,$447.27 ,$436.23 ,$134.25 ,$620.35 
12/12/2024,$247.96 ,$228.97 ,$191.96 ,$449.56 ,$418.10 ,$137.34 ,$630.79 
12/11/2024,$246.49 ,$230.26 ,$195.40 ,$448.99 ,$424.77 ,$139.31 ,$632.68 
12/10/2024,$247.77 ,$225.04 ,$185.17 ,$443.33 ,$400.99 ,$135.07 ,$619.32 
12/9/2024,$246.75 ,$226.09 ,$175.37 ,$446.02 ,$389.79 ,$138.81 ,$613.57 
12/6/2024,$242.84 ,$227.03 ,$174.71 ,$443.57 ,$389.22 ,$142.44 ,$623.77 
12/5/2024,$243.04 ,$220.55 ,$172.64 ,$442.62 ,$369.49 ,$145.06 ,$608.93 
12/4/2024,$243.01 ,$218.16 ,$174.37 ,$437.42 ,$357.93 ,$145.14 ,$613.78 
12/3/2024,$242.65 ,$213.44 ,$171.34 ,$431.20 ,$351.42 ,$140.26 ,$613.65 
12/2/2024,$239.59 ,$210.71 ,$171.49 ,$430.98 ,$357.09 ,$138.63 ,$592.83 
11/29/2024,$237.33 ,$207.89 ,$168.95 ,$423.46 ,$345.16 ,$138.25 ,$574.32 
11/27/2024,$234.93 ,$205.74 ,$169.23 ,$422.99 ,$332.89 ,$135.34 ,$569.20 
11/26/2024,$235.06 ,$207.86 ,$169.12 ,$427.99 ,$338.23 ,$136.92 ,$573.54 
11/25/2024,$232.87 ,$201.45 ,$167.65 ,$418.79 ,$338.59 ,$136.02 ,$565.11 
11/22/2024,$229.87 ,$197.12 ,$164.76 ,$417.00 ,$352.56 ,$141.95 ,$559.14 
11/21/2024,$228.52 ,$198.38 ,$167.63 ,$412.87 ,$339.64 ,$146.67 ,$563.09 
11/20/2024,$229.00 ,$202.88 ,$175.98 ,$415.49 ,$342.03 ,$145.89 ,$565.52 
11/19/2024,$228.28 ,$204.61 ,$178.12 ,$417.79 ,$346.00 ,$147.01 ,$561.09 
11/18/2024,$228.02 ,$201.70 ,$175.30 ,$415.76 ,$338.74 ,$140.15 ,$554.40 
11/15/2024,$225.00 ,$202.61 ,$172.49 ,$415.00 ,$320.72 ,$141.98 ,$554.08 
11/14/2024,$228.22 ,$211.48 ,$175.58 ,$426.89 ,$311.18 ,$146.76 ,$577.16 
11/13/2024,$225.12 ,$214.10 ,$178.88 ,$425.20 ,$330.24 ,$146.27 ,$580.00 
11/12/2024,$224.23 ,$208.91 ,$181.62 ,$423.03 ,$328.49 ,$148.29 ,$584.82 
11/11/2024,$224.23 ,$206.84 ,$180.35 ,$418.01 ,$350.00 ,$145.26 ,$583.17 
11/8/2024,$226.96 ,$208.18 ,$178.35 ,$422.54 ,$321.22 ,$147.63 ,$589.34 
11/7/2024,$227.48 ,$210.05 ,$180.75 ,$425.43 ,$296.91 ,$148.88 ,$591.70 
11/6/2024,$222.72 ,$207.09 ,$176.51 ,$420.18 ,$288.53 ,$145.61 ,$572.05 
11/5/2024,$223.45 ,$199.50 ,$169.74 ,$411.46 ,$251.44 ,$139.91 ,$572.43 
11/4/2024,$222.01 ,$195.78 ,$169.24 ,$408.46 ,$242.84 ,$136.05 ,$560.68 
11/1/2024,$222.91 ,$197.93 ,$171.29 ,$410.37 ,$248.98 ,$135.40 ,$567.16 
10/31/2024,$225.91 ,$186.40 ,$171.11 ,$406.35 ,$249.85 ,$132.76 ,$567.58 
10/30/2024,$230.10 ,$192.73 ,$174.46 ,$432.53 ,$257.55 ,$139.34 ,$591.80 
10/29/2024,$233.67 ,$190.83 ,$169.68 ,$431.95 ,$259.52 ,$141.25 ,$593.28 
10/28/2024,$233.40 ,$188.39 ,$166.72 ,$426.59 ,$262.51 ,$140.52 ,$578.16 
10/25/2024,$231.41 ,$187.83 ,$165.27 ,$428.15 ,$269.19 ,$141.54 ,$573.25 
10/24/2024,$230.57 ,$186.38 ,$162.72 ,$424.73 ,$260.48 ,$140.41 ,$567.78 
10/23/2024,$230.76 ,$184.71 ,$162.78 ,$424.60 ,$213.65 ,$139.56 ,$563.69 
10/22/2024,$235.86 ,$189.70 ,$165.14 ,$427.51 ,$217.97 ,$143.59 ,$582.01 
10/21/2024,$236.48 ,$189.07 ,$164.07 ,$418.78 ,$218.85 ,$143.71 ,$575.16 
10/18/2024,$235.00 ,$188.99 ,$163.42 ,$418.16 ,$220.70 ,$138.00 ,$576.47 
10/17/2024,$232.15 ,$187.53 ,$162.93 ,$416.72 ,$220.89 ,$136.93 ,$576.93 
10/16/2024,$231.78 ,$186.89 ,$165.16 ,$416.12 ,$221.33 ,$135.72 ,$576.79 
10/15/2024,$233.85 ,$187.69 ,$165.46 ,$418.74 ,$219.57 ,$131.60 ,$586.27 
10/14/2024,$231.30 ,$187.54 ,$164.96 ,$419.14 ,$219.16 ,$138.07 ,$590.42 
10/11/2024,$227.55 ,$188.82 ,$163.24 ,$416.32 ,$217.80 ,$134.80 ,$589.95 
10/10/2024,$229.04 ,$186.65 ,$162.08 ,$415.84 ,$238.77 ,$134.81 ,$583.83 
10/9/2024,$229.54 ,$185.17 ,$161.86 ,$417.46 ,$241.05 ,$132.65 ,$590.51 
10/8/2024,$225.77 ,$182.72 ,$164.38 ,$414.71 ,$244.50 ,$132.89 ,$592.89 
10/7/2024,$221.69 ,$180.80 ,$162.98 ,$409.54 ,$240.83 ,$127.72 ,$584.78 
10/4/2024,$226.80 ,$186.51 ,$167.06 ,$416.06 ,$250.08 ,$124.92 ,$595.94 
10/3/2024,$225.67 ,$181.96 ,$165.86 ,$416.54 ,$240.66 ,$122.85 ,$582.77 
10/2/2024,$226.78 ,$184.76 ,$165.86 ,$417.13 ,$249.02 ,$118.85 ,$572.81 
10/1/2024,$226.21 ,$185.13 ,$166.99 ,$420.69 ,$258.02 ,$117.00 ,$576.47 
9/30/2024,$233.00 ,$186.33 ,$165.85 ,$430.30 ,$261.63 ,$121.44 ,$572.44 
9/27/2024,$227.79 ,$187.97 ,$163.95 ,$428.02 ,$260.46 ,$121.40 ,$567.36 
9/26/2024,$227.52 ,$191.16 ,$162.73 ,$431.31 ,$254.22 ,$124.04 ,$567.84 
9/25/2024,$226.37 ,$192.53 ,$161.49 ,$432.11 ,$257.02 ,$123.51 ,$568.31 
9/24/2024,$227.37 ,$193.96 ,$162.29 ,$429.17 ,$254.27 ,$120.87 ,$563.33 
9/23/2024,$226.47 ,$193.88 ,$161.85 ,$433.51 ,$250.00 ,$116.26 ,$564.41 
9/20/2024,$228.20 ,$191.60 ,$163.59 ,$435.27 ,$238.25 ,$116.00 ,$561.35 
9/19/2024,$228.87 ,$189.87 ,$162.14 ,$438.69 ,$243.92 ,$117.87 ,$559.10 
9/18/2024,$220.69 ,$186.43 ,$159.81 ,$430.81 ,$227.20 ,$113.37 ,$537.95 
9/17/2024,$216.79 ,$186.88 ,$159.32 ,$435.15 ,$227.87 ,$115.59 ,$536.32 
9/16/2024,$216.32 ,$184.89 ,$158.06 ,$431.34 ,$226.78 ,$116.78 ,$533.28 
9/13/2024,$222.50 ,$186.49 ,$157.46 ,$430.59 ,$230.29 ,$119.10 ,$524.62 
9/12/2024,$222.77 ,$187.00 ,$154.69 ,$427.00 ,$229.81 ,$119.14 ,$525.60 
9/11/2024,$222.66 ,$184.52 ,$151.16 ,$423.04 ,$228.13 ,$116.91 ,$511.83 
9/10/2024,$220.11 ,$179.55 ,$148.66 ,$414.20 ,$226.17 ,$108.10 ,$504.79 
9/9/2024,$220.91 ,$175.40 ,$148.71 ,$405.72 ,$216.27 ,$106.47 ,$504.79 
9/6/2024,$220.82 ,$171.39 ,$150.92 ,$401.70 ,$210.73 ,$102.83 ,$500.27 
9/5/2024,$222.38 ,$177.89 ,$157.24 ,$408.39 ,$230.17 ,$107.21 ,$516.86 
9/4/2024,$220.85 ,$173.33 ,$156.45 ,$408.90 ,$219.41 ,$106.21 ,$512.74 
9/3/2024,$222.77 ,$176.25 ,$157.36 ,$409.44 ,$210.60 ,$108.00 ,$511.76 
8/30/2024,$229.00 ,$178.50 ,$163.38 ,$417.14 ,$214.11 ,$119.37 ,$521.31 
8/29/2024,$229.79 ,$172.12 ,$161.78 ,$413.12 ,$206.28 ,$117.59 ,$518.22 
8/28/2024,$226.49 ,$170.80 ,$162.85 ,$410.60 ,$205.75 ,$125.61 ,$516.78 
8/27/2024,$228.03 ,$173.12 ,$164.68 ,$413.84 ,$209.21 ,$128.30 ,$519.10 
8/26/2024,$227.18 ,$175.50 ,$166.16 ,$413.49 ,$213.21 ,$126.46 ,$521.12 
8/23/2024,$226.84 ,$177.04 ,$165.62 ,$416.79 ,$220.32 ,$129.37 ,$528.00 
8/22/2024,$224.53 ,$176.13 ,$163.80 ,$415.55 ,$210.66 ,$123.74 ,$531.93 
8/21/2024,$226.40 ,$180.11 ,$165.85 ,$424.14 ,$223.27 ,$128.50 ,$535.16 
8/20/2024,$226.51 ,$178.88 ,$167.18 ,$424.80 ,$221.10 ,$127.25 ,$526.73 
8/19/2024,$225.89 ,$178.22 ,$166.67 ,$421.53 ,$222.72 ,$130.00 ,$529.28 
8/16/2024,$226.05 ,$177.06 ,$162.96 ,$418.47 ,$216.12 ,$124.58 ,$527.42 
8/15/2024,$224.72 ,$177.59 ,$161.30 ,$421.03 ,$214.14 ,$122.86 ,$537.33 
8/14/2024,$221.72 ,$170.10 ,$160.37 ,$416.86 ,$201.38 ,$118.08 ,$526.76 
8/13/2024,$221.27 ,$170.23 ,$164.16 ,$414.01 ,$207.83 ,$116.14 ,$528.54 
8/12/2024,$217.53 ,$166.80 ,$162.29 ,$406.81 ,$197.49 ,$109.02 ,$515.95 
8/9/2024,$216.24 ,$166.94 ,$163.67 ,$406.02 ,$200.00 ,$104.75 ,$517.77 
8/8/2024,$213.31 ,$165.80 ,$162.03 ,$402.69 ,$198.84 ,$104.97 ,$509.63 
8/7/2024,$209.82 ,$162.77 ,$158.94 ,$398.43 ,$191.76 ,$98.91 ,$488.92 
8/6/2024,$207.23 ,$161.93 ,$158.29 ,$399.61 ,$200.64 ,$104.25 ,$494.09 
8/5/2024,$209.27 ,$161.02 ,$159.25 ,$395.15 ,$198.88 ,$100.45 ,$475.73 
8/2/2024,$219.86 ,$167.90 ,$166.66 ,$408.49 ,$207.67 ,$107.27 ,$488.14 
8/1/2024,$218.36 ,$184.07 ,$170.76 ,$417.11 ,$216.86 ,$109.21 ,$497.74 
7/31/2024,$222.08 ,$186.98 ,$171.54 ,$418.35 ,$232.07 ,$117.02 ,$474.83 
7/30/2024,$218.80 ,$181.71 ,$170.29 ,$422.92 ,$222.62 ,$103.73 ,$463.19 
7/29/2024,$218.24 ,$183.20 ,$169.53 ,$426.73 ,$232.10 ,$111.59 ,$465.71 
7/26/2024,$217.96 ,$182.50 ,$167.00 ,$425.27 ,$219.80 ,$113.06 ,$465.70 
7/25/2024,$217.49 ,$179.85 ,$167.28 ,$418.40 ,$220.25 ,$112.28 ,$453.41 
7/24/2024,$218.54 ,$180.83 ,$172.63 ,$428.90 ,$215.99 ,$114.25 ,$461.27 
7/23/2024,$225.01 ,$186.41 ,$181.79 ,$444.85 ,$246.38 ,$122.59 ,$488.69 
7/22/2024,$223.96 ,$182.55 ,$181.67 ,$442.94 ,$251.51 ,$123.54 ,$487.40 
7/19/2024,$224.31 ,$183.13 ,$177.66 ,$437.11 ,$239.20 ,$117.93 ,$476.79 
7/18/2024,$224.18 ,$183.75 ,$177.69 ,$440.37 ,$249.23 ,$121.09 ,$475.85 
7/17/2024,$228.88 ,$187.93 ,$181.02 ,$443.52 ,$248.50 ,$117.99 ,$461.99 
7/16/2024,$234.82 ,$193.02 ,$183.92 ,$449.52 ,$256.56 ,$126.36 ,$489.79 
7/15/2024,$234.40 ,$192.72 ,$186.53 ,$453.96 ,$252.64 ,$128.44 ,$496.16 
7/12/2024,$230.54 ,$194.49 ,$185.07 ,$453.55 ,$248.23 ,$129.24 ,$498.87 
7/11/2024,$227.57 ,$195.05 ,$185.57 ,$454.70 ,$241.03 ,$127.40 ,$512.70 
7/10/2024,$232.98 ,$199.79 ,$191.18 ,$466.25 ,$263.26 ,$134.91 ,$534.69 
7/9/2024,$228.68 ,$199.34 ,$188.98 ,$459.54 ,$262.33 ,$131.38 ,$530.00 
7/8/2024,$227.82 ,$199.29 ,$189.03 ,$466.24 ,$252.94 ,$128.20 ,$529.32 
7/5/2024,$226.34 ,$200.00 ,$190.60 ,$467.56 ,$251.52 ,$125.83 ,$539.91 
7/3/2024,$221.55 ,$197.59 ,$185.82 ,$460.77 ,$246.39 ,$128.28 ,$509.96 
7/2/2024,$220.27 ,$200.00 ,$185.24 ,$459.28 ,$231.26 ,$122.67 ,$509.50 
7/1/2024,$216.75 ,$197.20 ,$182.99 ,$456.73 ,$209.86 ,$124.30 ,$504.68 
6/28/2024,$210.62 ,$193.25 ,$182.15 ,$446.95 ,$197.88 ,$123.54 ,$504.22 
6/27/2024,$214.10 ,$197.85 ,$185.41 ,$452.85 ,$197.42 ,$123.99 ,$519.56 
6/26/2024,$213.25 ,$193.61 ,$183.88 ,$452.16 ,$196.37 ,$126.40 ,$513.12 
6/25/2024,$209.07 ,$186.34 ,$184.03 ,$450.95 ,$187.35 ,$126.09 ,$510.60 
6/24/2024,$208.14 ,$185.57 ,$179.22 ,$447.67 ,$182.58 ,$118.11 ,$498.91 
6/21/2024,$207.49 ,$189.08 ,$179.63 ,$449.78 ,$183.01 ,$126.57 ,$494.78 
6/20/2024,$209.68 ,$186.10 ,$176.30 ,$445.70 ,$181.57 ,$130.78 ,$501.70 
6/18/2024,$214.29 ,$182.81 ,$175.09 ,$446.34 ,$184.86 ,$135.58 ,$499.49 
6/17/2024,$216.67 ,$184.06 ,$177.24 ,$448.37 ,$187.44 ,$130.98 ,$506.63 
6/14/2024,$212.49 ,$183.66 ,$176.79 ,$442.57 ,$178.01 ,$131.88 ,$504.16 
6/13/2024,$214.24 ,$183.83 ,$175.16 ,$441.58 ,$182.47 ,$129.61 ,$504.10 
6/12/2024,$213.07 ,$186.89 ,$177.79 ,$441.06 ,$177.29 ,$125.20 ,$508.84 
6/11/2024,$207.15 ,$187.23 ,$176.62 ,$432.68 ,$170.66 ,$120.91 ,$507.47 
6/10/2024,$193.12 ,$187.06 ,$175.01 ,$427.87 ,$173.79 ,$121.79 ,$502.60 
6/7/2024,$196.89 ,$184.30 ,$174.46 ,$423.85 ,$177.48 ,$120.89 ,$492.96 
6/6/2024,$194.48 ,$185.00 ,$176.73 ,$424.52 ,$177.94 ,$121.00 ,$493.76 
6/5/2024,$195.87 ,$181.28 ,$175.41 ,$424.01 ,$175.00 ,$122.44 ,$495.06 
6/4/2024,$194.35 ,$179.34 ,$173.79 ,$416.07 ,$174.77 ,$116.44 ,$476.99 
6/3/2024,$194.03 ,$178.34 ,$173.17 ,$413.52 ,$176.29 ,$115.00 ,$477.49 
5/31/2024,$192.25 ,$176.44 ,$172.50 ,$415.13 ,$178.08 ,$109.63 ,$466.83 
5/30/2024,$191.29 ,$179.32 ,$172.11 ,$414.67 ,$178.79 ,$110.50 ,$467.05 
5/29/2024,$190.29 ,$182.02 ,$175.90 ,$429.17 ,$176.19 ,$114.83 ,$474.36 
5/28/2024,$189.99 ,$182.15 ,$176.40 ,$430.32 ,$176.75 ,$113.90 ,$479.92 
5/24/2024,$189.98 ,$180.75 ,$174.99 ,$430.16 ,$179.24 ,$106.47 ,$478.22 
5/23/2024,$186.88 ,$181.05 ,$173.55 ,$427.00 ,$173.74 ,$103.80 ,$465.78 
5/22/2024,$190.90 ,$183.13 ,$176.38 ,$430.52 ,$180.11 ,$94.95 ,$467.78 
5/21/2024,$192.35 ,$183.15 ,$177.85 ,$429.04 ,$186.60 ,$95.39 ,$464.63 
5/20/2024,$191.04 ,$183.54 ,$176.92 ,$425.34 ,$174.95 ,$94.78 ,$468.84 
5/17/2024,$189.87 ,$184.70 ,$176.06 ,$420.21 ,$177.46 ,$92.48 ,$471.91 
5/16/2024,$189.84 ,$183.63 ,$174.18 ,$420.99 ,$174.84 ,$94.36 ,$473.23 
5/15/2024,$189.72 ,$185.99 ,$172.51 ,$423.08 ,$173.99 ,$94.63 ,$481.54 
5/14/2024,$187.43 ,$187.07 ,$170.34 ,$416.56 ,$177.55 ,$91.36 ,$471.85 
5/13/2024,$186.28 ,$186.57 ,$169.14 ,$413.72 ,$171.89 ,$90.40 ,$468.01 
5/10/2024,$183.05 ,$187.48 ,$168.65 ,$414.74 ,$168.47 ,$89.88 ,$476.20 
5/9/2024,$184.57 ,$189.50 ,$169.96 ,$412.32 ,$171.97 ,$88.75 ,$475.42 
5/8/2024,$182.74 ,$188.00 ,$169.38 ,$410.54 ,$174.72 ,$90.41 ,$472.60 
5/7/2024,$182.40 ,$188.76 ,$171.25 ,$409.34 ,$177.81 ,$90.55 ,$468.24 
5/6/2024,$181.71 ,$188.70 ,$168.10 ,$413.54 ,$184.76 ,$92.14 ,$465.68 
5/3/2024,$183.38 ,$186.21 ,$167.24 ,$406.66 ,$181.19 ,$88.79 ,$451.96 
5/2/2024,$173.03 ,$184.72 ,$166.62 ,$397.84 ,$180.01 ,$85.82 ,$441.68 
5/1/2024,$169.30 ,$179.00 ,$163.86 ,$394.94 ,$179.99 ,$83.04 ,$439.19 
4/30/2024,$170.33 ,$175.00 ,$162.78 ,$389.33 ,$183.28 ,$86.40 ,$430.17 
4/29/2024,$173.50 ,$180.96 ,$166.15 ,$402.25 ,$194.05 ,$87.76 ,$432.62 
4/26/2024,$169.30 ,$179.62 ,$171.95 ,$406.32 ,$168.29 ,$87.74 ,$443.29 
4/25/2024,$169.89 ,$173.67 ,$156.00 ,$399.04 ,$170.18 ,$82.63 ,$441.38 
4/24/2024,$169.02 ,$176.59 ,$159.13 ,$409.06 ,$162.13 ,$79.68 ,$493.50 
4/23/2024,$166.90 ,$179.54 ,$158.26 ,$407.57 ,$144.68 ,$82.42 ,$496.10 
4/22/2024,$165.84 ,$177.23 ,$156.28 ,$400.96 ,$142.05 ,$79.52 ,$481.73 
4/19/2024,$165.00 ,$174.63 ,$154.09 ,$399.12 ,$147.05 ,$76.20 ,$481.07 
4/18/2024,$167.04 ,$179.22 ,$156.01 ,$404.27 ,$149.93 ,$84.67 ,$501.80 
4/17/2024,$168.00 ,$181.28 ,$155.47 ,$411.84 ,$155.45 ,$84.04 ,$494.17 
4/16/2024,$169.38 ,$183.32 ,$154.40 ,$414.58 ,$157.11 ,$87.42 ,$499.76 
4/15/2024,$172.69 ,$183.62 ,$154.86 ,$413.64 ,$161.48 ,$86.00 ,$500.23 
4/12/2024,$176.55 ,$186.13 ,$157.73 ,$421.90 ,$171.05 ,$88.19 ,$511.90 
4/11/2024,$175.04 ,$189.05 ,$159.41 ,$427.93 ,$174.60 ,$90.62 ,$523.16 
4/10/2024,$167.78 ,$185.95 ,$156.14 ,$423.26 ,$171.76 ,$87.04 ,$519.83 
4/9/2024,$169.67 ,$185.67 ,$156.60 ,$426.28 ,$176.88 ,$85.35 ,$516.90 
4/8/2024,$168.45 ,$185.19 ,$154.85 ,$424.59 ,$172.98 ,$87.13 ,$519.25 
4/5/2024,$169.58 ,$185.07 ,$152.50 ,$425.52 ,$164.90 ,$88.01 ,$527.34 
4/4/2024,$168.82 ,$180.00 ,$150.53 ,$417.88 ,$171.11 ,$85.91 ,$510.92 
4/3/2024,$169.65 ,$182.41 ,$154.92 ,$420.45 ,$168.38 ,$88.96 ,$506.74 
4/2/2024,$168.84 ,$180.69 ,$154.56 ,$421.44 ,$166.63 ,$89.45 ,$497.37 
4/1/2024,$170.03 ,$180.97 ,$155.49 ,$424.57 ,$175.22 ,$90.36 ,$491.35 
3/28/2024,$171.48 ,$180.38 ,$150.93 ,$420.72 ,$175.79 ,$90.36 ,$485.58 
3/27/2024,$173.31 ,$179.83 ,$150.87 ,$421.43 ,$179.83 ,$90.25 ,$493.86 
3/26/2024,$169.71 ,$178.30 ,$150.67 ,$421.65 ,$177.67 ,$92.56 ,$495.89 
3/25/2024,$170.85 ,$179.71 ,$150.07 ,$422.86 ,$172.63 ,$95.00 ,$503.02 
3/22/2024,$172.28 ,$178.87 ,$150.77 ,$428.74 ,$170.83 ,$94.29 ,$509.58 
3/21/2024,$171.37 ,$178.15 ,$147.60 ,$429.37 ,$172.82 ,$91.44 ,$507.76 
3/20/2024,$178.67 ,$178.15 ,$148.74 ,$425.23 ,$175.66 ,$90.37 ,$505.52 
3/19/2024,$176.08 ,$175.90 ,$147.03 ,$421.41 ,$171.32 ,$89.40 ,$496.24 
3/18/2024,$173.72 ,$174.48 ,$147.68 ,$417.32 ,$173.80 ,$88.46 ,$496.98 
3/15/2024,$172.62 ,$174.42 ,$141.18 ,$416.42 ,$163.57 ,$87.84 ,$484.10 
3/14/2024,$173.00 ,$178.75 ,$143.10 ,$425.22 ,$162.50 ,$87.94 ,$491.83 
3/13/2024,$171.13 ,$176.56 ,$139.79 ,$415.10 ,$169.48 ,$90.89 ,$495.57 
3/12/2024,$173.23 ,$175.39 ,$138.50 ,$415.28 ,$177.54 ,$91.91 ,$499.75 
3/11/2024,$172.75 ,$171.96 ,$137.67 ,$404.52 ,$177.77 ,$85.77 ,$483.59 
3/8/2024,$170.73 ,$175.35 ,$135.41 ,$406.22 ,$175.34 ,$87.53 ,$505.95 
3/7/2024,$169.00 ,$176.82 ,$134.38 ,$409.14 ,$178.65 ,$92.67 ,$512.19 
3/6/2024,$169.12 ,$173.51 ,$131.40 ,$402.09 ,$176.54 ,$88.70 ,$496.09 
3/5/2024,$170.12 ,$174.12 ,$132.67 ,$402.65 ,$180.74 ,$85.96 ,$490.22 
3/4/2024,$175.10 ,$177.58 ,$133.35 ,$414.92 ,$188.14 ,$85.24 ,$498.19 
3/1/2024,$179.66 ,$178.22 ,$137.14 ,$415.50 ,$202.64 ,$82.28 ,$502.30 
2/29/2024,$180.75 ,$176.76 ,$138.46 ,$413.64 ,$201.88 ,$79.11 ,$490.13 
2/28/2024,$181.42 ,$173.16 ,$136.38 ,$407.72 ,$202.04 ,$77.66 ,$484.02 
2/27/2024,$182.63 ,$173.54 ,$138.88 ,$407.48 ,$199.73 ,$78.70 ,$487.05 
2/26/2024,$181.16 ,$174.73 ,$137.57 ,$407.54 ,$199.40 ,$79.09 ,$481.74 
2/23/2024,$182.52 ,$174.99 ,$143.96 ,$410.34 ,$191.97 ,$78.82 ,$484.03 
2/22/2024,$184.37 ,$174.58 ,$144.09 ,$411.65 ,$197.41 ,$78.54 ,$486.13 
2/21/2024,$182.32 ,$168.59 ,$142.55 ,$402.18 ,$194.77 ,$67.47 ,$468.03 
2/20/2024,$181.56 ,$167.08 ,$141.12 ,$402.79 ,$193.76 ,$69.45 ,$471.75 
2/16/2024,$182.31 ,$169.51 ,$140.52 ,$404.06 ,$199.95 ,$72.61 ,$473.32 
2/15/2024,$183.86 ,$169.80 ,$142.77 ,$406.56 ,$200.45 ,$72.66 ,$484.03 
2/14/2024,$184.15 ,$170.98 ,$145.94 ,$409.49 ,$188.71 ,$73.90 ,$473.28 
2/13/2024,$185.04 ,$168.64 ,$145.14 ,$406.32 ,$184.02 ,$72.13 ,$460.12 
2/12/2024,$187.15 ,$172.34 ,$147.53 ,$415.26 ,$188.13 ,$72.25 ,$468.90 
2/9/2024,$188.85 ,$174.45 ,$149.00 ,$420.55 ,$193.57 ,$72.13 ,$468.11 
2/8/2024,$188.32 ,$169.84 ,$145.91 ,$414.11 ,$189.56 ,$69.64 ,$470.00 
2/7/2024,$189.41 ,$170.53 ,$145.54 ,$414.05 ,$187.58 ,$70.10 ,$469.59 
2/6/2024,$189.30 ,$169.15 ,$144.10 ,$405.49 ,$185.10 ,$68.22 ,$454.72 
2/5/2024,$187.68 ,$170.31 ,$143.68 ,$405.65 ,$181.06 ,$69.33 ,$459.41 
2/2/2024,$185.85 ,$171.81 ,$142.38 ,$411.22 ,$187.91 ,$66.16 ,$474.99 
2/1/2024,$186.86 ,$159.28 ,$141.16 ,$403.78 ,$188.86 ,$63.03 ,$394.78 
1/31/2024,$184.40 ,$155.20 ,$140.10 ,$397.58 ,$187.29 ,$61.53 ,$390.14 
1/30/2024,$188.04 ,$159.00 ,$151.46 ,$408.59 ,$191.59 ,$62.77 ,$400.06 
1/29/2024,$191.73 ,$161.26 ,$153.51 ,$409.72 ,$190.93 ,$62.47 ,$401.02 
1/26/2024,$192.42 ,$159.12 ,$152.19 ,$403.93 ,$183.25 ,$61.03 ,$394.14 
1/25/2024,$194.17 ,$157.75 ,$151.87 ,$404.87 ,$182.63 ,$61.62 ,$393.18 
1/24/2024,$194.50 ,$156.87 ,$148.70 ,$402.56 ,$207.83 ,$61.36 ,$390.70 
1/23/2024,$195.18 ,$156.02 ,$147.04 ,$398.90 ,$209.14 ,$59.87 ,$385.20 
1/22/2024,$193.89 ,$154.78 ,$145.99 ,$396.51 ,$208.80 ,$59.65 ,$381.78 
1/19/2024,$191.56 ,$155.34 ,$146.38 ,$398.67 ,$212.19 ,$59.49 ,$383.45 
1/18/2024,$188.63 ,$153.50 ,$143.48 ,$393.87 ,$211.88 ,$57.11 ,$376.13 
1/17/2024,$182.68 ,$151.71 ,$141.47 ,$389.47 ,$215.55 ,$56.05 ,$368.37 
1/16/2024,$183.63 ,$153.16 ,$142.49 ,$390.27 ,$219.91 ,$56.38 ,$367.46 
1/12/2024,$185.92 ,$154.62 ,$142.65 ,$388.47 ,$218.89 ,$54.71 ,$374.49 
1/11/2024,$185.59 ,$155.18 ,$142.08 ,$384.63 ,$227.22 ,$54.82 ,$369.67 
1/10/2024,$186.19 ,$153.73 ,$142.28 ,$382.77 ,$233.94 ,$54.35 ,$370.47 
1/9/2024,$185.14 ,$151.37 ,$140.95 ,$375.79 ,$234.96 ,$53.14 ,$357.43 
1/8/2024,$185.56 ,$149.10 ,$138.84 ,$374.69 ,$240.45 ,$52.25 ,$358.66 
1/5/2024,$181.18 ,$145.24 ,$135.73 ,$367.75 ,$237.49 ,$49.10 ,$351.95 
1/4/2024,$181.91 ,$144.57 ,$136.39 ,$367.94 ,$237.93 ,$48.00 ,$347.12 
1/3/2024,$184.25 ,$148.47 ,$138.92 ,$370.60 ,$238.45 ,$47.57 ,$344.47 
1/2/2024,$185.64 ,$149.93 ,$138.17 ,$370.87 ,$248.42 ,$48.17 ,$346.29 
12/29/2023,$192.53 ,$151.94 ,$139.69 ,$376.04 ,$248.48 ,$49.52 ,$353.96 
12/28/2023,$193.58 ,$153.38 ,$140.23 ,$375.28 ,$253.18 ,$49.52 ,$358.32 
12/27/2023,$193.15 ,$153.34 ,$140.37 ,$374.07 ,$261.44 ,$49.42 ,$357.83 
12/26/2023,$193.05 ,$153.41 ,$141.52 ,$374.66 ,$256.61 ,$49.28 ,$354.83 
12/22/2023,$193.60 ,$153.42 ,$141.49 ,$374.58 ,$252.54 ,$48.83 ,$353.39 
12/21/2023,$194.68 ,$153.84 ,$140.42 ,$373.54 ,$254.50 ,$48.99 ,$354.09 
12/20/2023,$194.83 ,$152.12 ,$138.34 ,$370.62 ,$247.14 ,$48.11 ,$349.28 
12/19/2023,$196.94 ,$153.79 ,$136.65 ,$373.26 ,$257.22 ,$49.60 ,$350.36 
12/18/2023,$195.89 ,$154.07 ,$135.80 ,$372.65 ,$252.08 ,$50.08 ,$344.62 
12/15/2023,$197.57 ,$149.97 ,$132.60 ,$370.73 ,$253.50 ,$48.89 ,$334.92 
12/14/2023,$198.11 ,$147.42 ,$131.94 ,$365.93 ,$251.05 ,$48.35 ,$333.17 
12/13/2023,$197.96 ,$148.84 ,$132.57 ,$374.37 ,$239.29 ,$48.09 ,$334.74 
12/12/2023,$194.71 ,$147.48 ,$132.52 ,$374.38 ,$237.01 ,$47.66 ,$334.22 
12/11/2023,$193.18 ,$145.89 ,$133.29 ,$371.30 ,$239.74 ,$46.63 ,$325.28 
12/8/2023,$195.71 ,$147.42 ,$134.99 ,$374.23 ,$243.84 ,$47.51 ,$332.75 
12/7/2023,$194.27 ,$146.88 ,$136.93 ,$370.95 ,$242.64 ,$46.60 ,$326.59 
12/6/2023,$192.32 ,$144.52 ,$130.02 ,$368.80 ,$239.37 ,$45.50 ,$317.45 
12/5/2023,$193.42 ,$146.88 ,$130.99 ,$372.52 ,$238.72 ,$46.57 ,$318.29 
12/4/2023,$189.43 ,$144.84 ,$129.27 ,$369.14 ,$235.58 ,$45.51 ,$320.02 
12/1/2023,$191.24 ,$147.03 ,$131.86 ,$374.51 ,$238.83 ,$46.77 ,$324.82 
11/30/2023,$189.95 ,$146.09 ,$132.53 ,$378.91 ,$240.08 ,$46.77 ,$327.15 
11/29/2023,$189.37 ,$146.32 ,$134.99 ,$378.85 ,$244.14 ,$48.14 ,$332.20 
11/28/2023,$190.40 ,$147.03 ,$137.20 ,$382.70 ,$246.72 ,$47.82 ,$338.99 
11/27/2023,$189.79 ,$147.73 ,$136.41 ,$378.61 ,$236.08 ,$48.24 ,$334.70 
11/24/2023,$189.97 ,$146.74 ,$136.69 ,$377.43 ,$235.45 ,$47.78 ,$338.23 
11/22/2023,$191.31 ,$146.71 ,$138.49 ,$377.85 ,$234.21 ,$48.72 ,$341.49 
11/21/2023,$190.64 ,$143.90 ,$136.97 ,$373.07 ,$241.20 ,$49.94 ,$336.98 
11/20/2023,$191.45 ,$146.13 ,$136.25 ,$377.44 ,$235.60 ,$50.41 ,$339.97 
11/17/2023,$189.69 ,$145.18 ,$135.31 ,$369.85 ,$234.30 ,$49.30 ,$335.04 
11/16/2023,$189.71 ,$142.83 ,$136.93 ,$376.17 ,$233.59 ,$49.48 ,$334.19 
11/15/2023,$188.01 ,$143.20 ,$134.62 ,$369.67 ,$242.84 ,$48.89 ,$332.71 
11/14/2023,$187.44 ,$145.80 ,$133.62 ,$370.27 ,$237.41 ,$49.66 ,$336.31 
11/13/2023,$184.80 ,$142.59 ,$132.09 ,$366.68 ,$223.71 ,$48.62 ,$329.19 
11/10/2023,$186.40 ,$143.56 ,$132.59 ,$369.67 ,$214.65 ,$48.34 ,$328.77 
11/9/2023,$182.41 ,$140.60 ,$130.24 ,$360.69 ,$209.98 ,$46.95 ,$320.55 
11/8/2023,$182.89 ,$142.08 ,$131.84 ,$363.20 ,$222.11 ,$46.57 ,$319.78 
11/7/2023,$181.82 ,$142.71 ,$130.97 ,$360.53 ,$222.18 ,$45.96 ,$318.82 
11/6/2023,$179.23 ,$139.74 ,$130.25 ,$356.53 ,$219.27 ,$45.75 ,$315.80 
11/3/2023,$176.65 ,$138.60 ,$129.10 ,$352.80 ,$219.96 ,$45.01 ,$314.60 
11/2/2023,$177.57 ,$138.07 ,$127.49 ,$348.32 ,$218.51 ,$43.51 ,$310.87 
11/1/2023,$173.97 ,$137.00 ,$126.45 ,$346.07 ,$205.66 ,$42.33 ,$311.85 
10/31/2023,$170.77 ,$133.09 ,$124.08 ,$338.11 ,$200.84 ,$40.78 ,$301.27 
10/30/2023,$170.29 ,$132.71 ,$124.46 ,$337.31 ,$197.36 ,$41.16 ,$302.66 
10/27/2023,$168.22 ,$127.74 ,$122.17 ,$329.81 ,$207.30 ,$40.50 ,$296.73 
10/26/2023,$166.89 ,$119.57 ,$122.28 ,$327.89 ,$205.76 ,$40.33 ,$288.35 
10/25/2023,$171.10 ,$121.39 ,$125.61 ,$340.67 ,$212.42 ,$41.78 ,$299.53 
10/24/2023,$173.44 ,$128.56 ,$138.81 ,$330.53 ,$216.52 ,$43.66 ,$312.55 
10/23/2023,$173.00 ,$126.56 ,$136.50 ,$329.32 ,$212.08 ,$42.98 ,$314.01 
10/20/2023,$172.88 ,$125.17 ,$135.60 ,$326.67 ,$211.99 ,$41.39 ,$308.65 
10/19/2023,$175.46 ,$128.40 ,$137.75 ,$331.32 ,$220.11 ,$42.10 ,$312.81 
10/18/2023,$175.84 ,$128.13 ,$137.96 ,$330.11 ,$242.68 ,$42.20 ,$316.97 
10/17/2023,$177.15 ,$131.47 ,$139.72 ,$332.06 ,$254.85 ,$43.94 ,$324.00 
10/16/2023,$178.72 ,$132.55 ,$139.10 ,$332.64 ,$253.92 ,$46.10 ,$321.15 
10/13/2023,$178.85 ,$129.79 ,$137.36 ,$327.73 ,$251.12 ,$45.46 ,$314.69 
10/12/2023,$180.71 ,$132.33 ,$138.97 ,$331.16 ,$258.87 ,$46.95 ,$324.16 
10/11/2023,$179.80 ,$131.83 ,$140.55 ,$332.42 ,$262.99 ,$46.81 ,$327.82 
10/10/2023,$178.39 ,$129.48 ,$138.06 ,$328.39 ,$263.62 ,$45.80 ,$321.84 
10/9/2023,$178.99 ,$128.26 ,$138.42 ,$329.82 ,$259.67 ,$45.27 ,$318.36 
10/6/2023,$177.49 ,$127.96 ,$137.58 ,$327.26 ,$260.53 ,$45.76 ,$315.43 
10/5/2023,$174.91 ,$125.96 ,$135.07 ,$319.36 ,$260.05 ,$44.69 ,$304.79 
10/4/2023,$173.66 ,$127.00 ,$135.24 ,$318.96 ,$261.16 ,$44.04 ,$305.58 
10/3/2023,$172.40 ,$124.72 ,$132.43 ,$313.39 ,$246.53 ,$43.52 ,$300.94 
10/2/2023,$173.75 ,$129.46 ,$134.17 ,$321.80 ,$251.60 ,$44.78 ,$306.82 
9/29/2023,$171.21 ,$127.12 ,$130.86 ,$315.75 ,$250.22 ,$43.50 ,$300.21 
9/28/2023,$170.69 ,$125.98 ,$132.31 ,$313.64 ,$246.38 ,$43.09 ,$303.96 
9/27/2023,$170.43 ,$125.98 ,$130.54 ,$312.79 ,$240.50 ,$42.47 ,$297.74 
9/26/2023,$171.96 ,$125.98 ,$128.57 ,$312.14 ,$244.12 ,$41.91 ,$298.96 
9/25/2023,$176.08 ,$131.27 ,$131.11 ,$317.54 ,$246.99 ,$42.22 ,$300.83 
9/22/2023,$174.79 ,$129.12 ,$130.25 ,$317.01 ,$244.88 ,$41.61 ,$299.08 
9/21/2023,$173.93 ,$129.33 ,$130.44 ,$319.53 ,$255.70 ,$41.02 ,$295.73 
9/20/2023,$175.49 ,$135.29 ,$133.74 ,$320.77 ,$262.59 ,$42.24 ,$299.67 
9/19/2023,$179.07 ,$137.63 ,$138.04 ,$328.65 ,$266.50 ,$43.52 ,$305.07 
9/18/2023,$177.97 ,$139.98 ,$138.21 ,$329.06 ,$265.28 ,$43.97 ,$302.55 
9/15/2023,$175.01 ,$140.39 ,$137.40 ,$330.22 ,$274.39 ,$43.90 ,$300.31 
9/14/2023,$175.74 ,$144.72 ,$138.10 ,$338.70 ,$276.04 ,$45.58 ,$311.72 
9/13/2023,$174.21 ,$144.85 ,$136.71 ,$336.06 ,$271.30 ,$45.49 ,$305.06 
9/12/2023,$176.30 ,$141.23 ,$135.34 ,$331.77 ,$267.48 ,$44.87 ,$301.66 
9/11/2023,$179.36 ,$143.10 ,$136.92 ,$337.94 ,$273.58 ,$45.18 ,$307.56 
9/8/2023,$178.18 ,$138.23 ,$136.38 ,$334.27 ,$248.50 ,$45.57 ,$297.89 
9/7/2023,$177.56 ,$137.85 ,$135.26 ,$329.91 ,$251.49 ,$46.24 ,$298.67 
9/6/2023,$182.91 ,$135.36 ,$134.46 ,$332.88 ,$251.92 ,$47.06 ,$299.17 
9/5/2023,$189.70 ,$137.27 ,$135.77 ,$333.55 ,$256.49 ,$48.55 ,$300.15 
9/1/2023,$189.46 ,$138.12 ,$135.66 ,$328.66 ,$245.01 ,$48.51 ,$296.38 
8/31/2023,$187.87 ,$138.01 ,$136.17 ,$327.76 ,$258.08 ,$49.36 ,$295.89 
8/30/2023,$187.65 ,$135.07 ,$135.88 ,$328.79 ,$256.90 ,$49.26 ,$295.10 
8/29/2023,$184.12 ,$134.91 ,$134.57 ,$328.41 ,$257.18 ,$48.78 ,$297.99 
8/28/2023,$180.19 ,$133.14 ,$131.01 ,$323.70 ,$238.82 ,$46.84 ,$290.26 
8/25/2023,$178.61 ,$133.26 ,$129.88 ,$322.98 ,$238.59 ,$46.02 ,$285.50 
8/24/2023,$176.38 ,$131.84 ,$129.78 ,$319.97 ,$230.04 ,$47.16 ,$286.75 
8/23/2023,$181.12 ,$135.52 ,$132.37 ,$327.00 ,$236.86 ,$47.12 ,$294.24 
8/22/2023,$177.23 ,$134.25 ,$129.08 ,$322.46 ,$233.19 ,$45.67 ,$287.60 
8/21/2023,$175.84 ,$134.68 ,$128.37 ,$321.88 ,$231.28 ,$46.97 ,$289.90 
8/18/2023,$174.49 ,$133.22 ,$127.46 ,$316.48 ,$215.49 ,$43.30 ,$283.25 
8/17/2023,$174.00 ,$133.98 ,$129.92 ,$316.88 ,$219.22 ,$43.34 ,$285.09 
8/16/2023,$176.57 ,$135.07 ,$128.70 ,$320.40 ,$225.60 ,$43.49 ,$294.29 
8/15/2023,$177.45 ,$137.67 ,$129.78 ,$321.86 ,$232.96 ,$43.94 ,$301.95 
8/14/2023,$179.46 ,$140.57 ,$131.33 ,$324.04 ,$239.76 ,$43.75 ,$306.19 
8/11/2023,$177.79 ,$138.41 ,$129.56 ,$321.01 ,$242.65 ,$40.86 ,$301.64 
8/10/2023,$177.97 ,$138.56 ,$129.69 ,$322.93 ,$245.34 ,$42.39 ,$305.74 
8/9/2023,$178.19 ,$137.85 ,$129.66 ,$322.23 ,$242.19 ,$42.55 ,$305.21 
8/8/2023,$179.80 ,$139.94 ,$131.40 ,$326.05 ,$249.70 ,$44.66 ,$312.64 
8/7/2023,$178.85 ,$142.22 ,$131.53 ,$330.11 ,$251.45 ,$45.42 ,$316.56 
8/4/2023,$181.99 ,$139.57 ,$128.11 ,$327.78 ,$253.86 ,$44.68 ,$310.73 
8/3/2023,$191.17 ,$128.91 ,$128.45 ,$326.66 ,$259.32 ,$44.52 ,$313.19 
8/2/2023,$192.58 ,$128.21 ,$128.38 ,$327.50 ,$254.11 ,$44.27 ,$314.31 
8/1/2023,$195.61 ,$131.69 ,$131.55 ,$336.34 ,$261.07 ,$46.51 ,$322.71 
7/31/2023,$196.45 ,$133.68 ,$132.72 ,$335.92 ,$267.43 ,$46.73 ,$318.60 
7/28/2023,$195.83 ,$132.21 ,$132.58 ,$338.37 ,$266.44 ,$46.75 ,$325.48 
7/27/2023,$193.22 ,$128.25 ,$129.40 ,$330.72 ,$255.71 ,$45.90 ,$311.71 
7/26/2023,$194.50 ,$128.15 ,$129.27 ,$337.77 ,$264.35 ,$45.45 ,$298.57 
7/25/2023,$193.62 ,$129.13 ,$122.21 ,$350.98 ,$265.28 ,$45.68 ,$294.47 
7/24/2023,$192.75 ,$128.80 ,$121.53 ,$345.11 ,$269.06 ,$44.61 ,$291.61 
7/21/2023,$191.94 ,$130.00 ,$120.02 ,$343.77 ,$260.02 ,$44.31 ,$294.26 
7/20/2023,$193.13 ,$129.96 ,$119.20 ,$346.87 ,$262.90 ,$45.52 ,$302.52 
7/19/2023,$195.10 ,$135.36 ,$122.03 ,$355.08 ,$291.26 ,$47.08 ,$316.01 
7/18/2023,$193.73 ,$132.83 ,$123.76 ,$359.49 ,$293.34 ,$47.49 ,$312.05 
7/17/2023,$193.99 ,$133.56 ,$124.65 ,$345.73 ,$290.38 ,$46.46 ,$310.62 
7/14/2023,$190.69 ,$134.68 ,$125.42 ,$345.24 ,$281.38 ,$45.47 ,$308.87 
7/13/2023,$190.54 ,$134.30 ,$124.54 ,$342.66 ,$277.90 ,$45.98 ,$313.41 
7/12/2023,$189.77 ,$130.80 ,$118.93 ,$337.20 ,$271.99 ,$43.90 ,$309.34 
7/11/2023,$188.08 ,$128.78 ,$117.14 ,$332.47 ,$269.79 ,$42.41 ,$298.29 
7/10/2023,$188.61 ,$127.13 ,$116.45 ,$331.83 ,$269.61 ,$42.18 ,$294.10 
7/7/2023,$190.68 ,$129.78 ,$119.48 ,$337.22 ,$274.43 ,$42.50 ,$290.53 
7/6/2023,$191.81 ,$128.36 ,$120.11 ,$341.27 ,$276.54 ,$42.10 ,$291.99 
7/5/2023,$191.33 ,$130.38 ,$121.75 ,$338.15 ,$282.48 ,$42.32 ,$294.37 
7/3/2023,$192.46 ,$130.22 ,$119.90 ,$337.99 ,$279.82 ,$42.41 ,$286.02 
6/30/2023,$193.97 ,$130.36 ,$119.70 ,$340.54 ,$261.77 ,$42.30 ,$286.98 
6/29/2023,$189.59 ,$127.90 ,$119.10 ,$335.05 ,$257.50 ,$40.82 ,$281.53 
6/28/2023,$189.25 ,$129.04 ,$120.18 ,$335.85 ,$256.24 ,$41.12 ,$285.29 
6/27/2023,$188.06 ,$129.18 ,$118.33 ,$334.57 ,$250.21 ,$41.88 ,$287.05 
6/26/2023,$185.27 ,$127.33 ,$118.34 ,$328.60 ,$241.05 ,$40.63 ,$278.47 
6/23/2023,$186.68 ,$129.33 ,$122.34 ,$335.02 ,$256.60 ,$42.21 ,$288.73 
6/22/2023,$187.00 ,$130.15 ,$123.15 ,$339.71 ,$264.61 ,$43.03 ,$284.88 
6/21/2023,$183.96 ,$124.83 ,$120.55 ,$333.56 ,$259.46 ,$43.05 ,$281.64 
6/20/2023,$185.01 ,$125.78 ,$123.10 ,$338.05 ,$274.45 ,$43.81 ,$284.33 
6/16/2023,$184.92 ,$125.49 ,$123.53 ,$342.33 ,$260.54 ,$42.69 ,$281.00 
6/15/2023,$186.01 ,$127.11 ,$125.09 ,$348.10 ,$255.90 ,$42.65 ,$281.83 
6/14/2023,$183.95 ,$126.42 ,$123.67 ,$337.34 ,$256.79 ,$43.00 ,$273.35 
6/13/2023,$183.31 ,$126.66 ,$123.83 ,$334.29 ,$258.71 ,$41.02 ,$271.32 
6/12/2023,$183.79 ,$126.57 ,$123.64 ,$331.85 ,$249.83 ,$39.48 ,$271.05 
6/9/2023,$180.96 ,$123.43 ,$122.23 ,$326.79 ,$244.40 ,$38.77 ,$264.95 
6/8/2023,$180.57 ,$124.25 ,$122.14 ,$325.26 ,$234.86 ,$38.51 ,$264.58 
6/7/2023,$177.82 ,$121.23 ,$122.50 ,$323.38 ,$224.57 ,$37.48 ,$263.60 
6/6/2023,$179.21 ,$126.61 ,$127.31 ,$333.68 ,$221.31 ,$38.65 ,$271.12 
6/5/2023,$179.58 ,$125.30 ,$126.01 ,$335.94 ,$217.61 ,$39.17 ,$271.39 
6/2/2023,$180.95 ,$124.25 ,$124.67 ,$335.40 ,$213.97 ,$39.33 ,$272.61 
6/1/2023,$180.09 ,$122.77 ,$123.72 ,$332.58 ,$207.52 ,$39.77 ,$272.61 
5/31/2023,$177.25 ,$120.58 ,$122.87 ,$328.39 ,$203.93 ,$37.83 ,$264.72 
5/30/2023,$177.30 ,$121.66 ,$123.67 ,$331.21 ,$201.16 ,$40.11 ,$262.52 
5/26/2023,$175.43 ,$120.11 ,$124.61 ,$332.89 ,$193.17 ,$38.95 ,$262.04 
5/25/2023,$172.99 ,$115.00 ,$123.48 ,$325.92 ,$184.47 ,$37.98 ,$252.69 
5/24/2023,$171.84 ,$116.75 ,$120.90 ,$313.85 ,$182.90 ,$30.54 ,$249.21 
5/23/2023,$171.56 ,$114.99 ,$122.56 ,$315.26 ,$185.77 ,$30.69 ,$246.74 
5/22/2023,$174.20 ,$115.01 ,$125.05 ,$321.18 ,$188.87 ,$31.18 ,$248.32 
5/19/2023,$175.16 ,$116.25 ,$122.76 ,$318.34 ,$180.14 ,$31.26 ,$245.64 
5/18/2023,$175.05 ,$118.15 ,$122.83 ,$318.52 ,$176.89 ,$31.68 ,$246.85 
5/17/2023,$172.69 ,$115.50 ,$120.84 ,$314.00 ,$173.86 ,$30.18 ,$242.49 
5/16/2023,$172.07 ,$113.40 ,$119.51 ,$311.74 ,$166.52 ,$29.21 ,$238.82 
5/15/2023,$172.07 ,$111.20 ,$116.51 ,$309.46 ,$166.35 ,$28.95 ,$238.86 
5/12/2023,$172.57 ,$110.26 ,$117.51 ,$308.97 ,$167.98 ,$28.34 ,$233.81 
5/11/2023,$173.75 ,$112.18 ,$116.57 ,$310.11 ,$172.08 ,$28.58 ,$235.79 
5/10/2023,$173.56 ,$110.19 ,$111.75 ,$312.31 ,$168.54 ,$28.89 ,$233.08 
5/9/2023,$171.77 ,$106.62 ,$107.35 ,$307.00 ,$169.15 ,$28.57 ,$233.37 
5/8/2023,$173.50 ,$105.83 ,$107.77 ,$308.65 ,$171.79 ,$29.15 ,$233.27 
5/5/2023,$173.57 ,$105.66 ,$105.57 ,$310.65 ,$170.06 ,$28.68 ,$232.78 
5/4/2023,$165.79 ,$104.00 ,$104.69 ,$305.41 ,$161.20 ,$27.56 ,$233.52 
5/3/2023,$167.45 ,$103.65 ,$105.41 ,$304.40 ,$160.61 ,$27.80 ,$237.03 
5/2/2023,$168.54 ,$103.63 ,$105.32 ,$305.41 ,$160.31 ,$28.21 ,$239.24 
5/1/2023,$169.59 ,$102.05 ,$107.20 ,$305.56 ,$161.83 ,$28.91 ,$243.18 
4/28/2023,$169.68 ,$105.45 ,$107.34 ,$307.26 ,$164.31 ,$27.75 ,$240.32 
4/27/2023,$168.41 ,$109.82 ,$107.59 ,$304.83 ,$160.19 ,$27.23 ,$238.56 
4/26/2023,$163.76 ,$104.98 ,$103.71 ,$295.37 ,$153.75 ,$26.96 ,$209.40 
4/25/2023,$163.77 ,$102.57 ,$103.85 ,$275.42 ,$160.67 ,$26.24 ,$207.55 
4/24/2023,$165.33 ,$106.21 ,$105.97 ,$281.77 ,$162.55 ,$27.04 ,$212.79 
4/21/2023,$165.02 ,$106.96 ,$105.41 ,$285.76 ,$165.08 ,$27.12 ,$212.89 
4/20/2023,$166.65 ,$103.81 ,$105.29 ,$286.11 ,$162.99 ,$27.10 ,$213.07 
4/19/2023,$167.63 ,$104.30 ,$104.18 ,$288.45 ,$180.59 ,$27.93 ,$215.70 
4/18/2023,$166.47 ,$102.30 ,$104.50 ,$288.37 ,$184.31 ,$27.67 ,$217.89 
4/17/2023,$165.23 ,$102.74 ,$105.97 ,$288.80 ,$187.04 ,$27.00 ,$218.86 
4/14/2023,$165.21 ,$102.51 ,$108.87 ,$286.14 ,$185.00 ,$26.76 ,$221.49 
4/13/2023,$165.56 ,$102.40 ,$107.43 ,$289.84 ,$185.90 ,$26.46 ,$220.35 
4/12/2023,$160.10 ,$97.83 ,$104.64 ,$283.49 ,$180.54 ,$26.50 ,$214.00 
4/11/2023,$160.80 ,$99.92 ,$105.35 ,$282.83 ,$186.79 ,$27.17 ,$213.85 
4/10/2023,$162.03 ,$102.17 ,$106.44 ,$289.39 ,$184.51 ,$27.58 ,$214.75 
4/6/2023,$164.66 ,$102.06 ,$108.42 ,$291.60 ,$185.06 ,$27.04 ,$216.10 
4/5/2023,$163.76 ,$101.10 ,$104.47 ,$284.34 ,$185.52 ,$26.88 ,$211.48 
4/4/2023,$165.63 ,$103.95 ,$104.72 ,$287.18 ,$192.58 ,$27.45 ,$214.72 
4/3/2023,$166.17 ,$102.41 ,$104.36 ,$287.23 ,$194.77 ,$27.97 ,$213.07 
3/31/2023,$164.90 ,$103.29 ,$103.73 ,$288.30 ,$207.46 ,$27.78 ,$211.94 
3/30/2023,$162.36 ,$102.00 ,$100.89 ,$284.05 ,$195.28 ,$27.38 ,$207.84 
3/29/2023,$160.77 ,$100.25 ,$101.39 ,$280.51 ,$193.88 ,$26.98 ,$205.35 
3/28/2023,$157.65 ,$97.24 ,$101.03 ,$275.23 ,$189.19 ,$26.41 ,$200.68 
3/27/2023,$158.28 ,$98.04 ,$102.46 ,$276.38 ,$191.81 ,$26.53 ,$202.84 
3/24/2023,$160.25 ,$98.13 ,$105.44 ,$280.57 ,$190.41 ,$26.78 ,$206.01 
3/23/2023,$158.93 ,$98.71 ,$105.60 ,$277.66 ,$192.22 ,$27.19 ,$204.28 
3/22/2023,$157.83 ,$98.70 ,$103.37 ,$272.29 ,$191.15 ,$26.47 ,$199.81 
3/21/2023,$159.28 ,$100.61 ,$104.92 ,$273.78 ,$197.58 ,$26.20 ,$202.16 
3/20/2023,$157.40 ,$97.71 ,$101.22 ,$272.23 ,$183.25 ,$25.90 ,$197.81 
3/17/2023,$155.00 ,$98.95 ,$101.62 ,$279.43 ,$180.13 ,$25.73 ,$195.61 
3/16/2023,$155.85 ,$100.04 ,$100.32 ,$276.20 ,$184.13 ,$25.54 ,$204.93 
3/15/2023,$152.99 ,$96.20 ,$96.11 ,$265.44 ,$180.45 ,$24.23 ,$197.75 
3/14/2023,$152.59 ,$94.88 ,$93.97 ,$260.79 ,$183.26 ,$24.06 ,$194.02 
3/13/2023,$150.47 ,$92.43 ,$91.11 ,$253.92 ,$174.48 ,$22.97 ,$180.90 
3/10/2023,$148.50 ,$90.73 ,$90.63 ,$248.59 ,$173.44 ,$22.97 ,$179.51 
3/9/2023,$150.59 ,$92.25 ,$92.32 ,$252.32 ,$172.92 ,$23.44 ,$181.69 
3/8/2023,$152.87 ,$93.92 ,$94.25 ,$253.70 ,$182.00 ,$24.18 ,$184.97 
3/7/2023,$151.60 ,$93.55 ,$93.86 ,$254.15 ,$187.71 ,$23.29 ,$184.51 
3/6/2023,$153.83 ,$93.75 ,$95.13 ,$256.87 ,$193.81 ,$23.55 ,$184.90 
3/3/2023,$151.03 ,$94.90 ,$93.65 ,$255.29 ,$197.79 ,$23.89 ,$185.25 
3/2/2023,$145.91 ,$92.13 ,$92.00 ,$251.11 ,$190.90 ,$23.31 ,$174.53 
3/1/2023,$145.31 ,$92.17 ,$90.36 ,$246.27 ,$202.77 ,$22.70 ,$173.42 
2/28/2023,$147.41 ,$94.23 ,$90.06 ,$249.42 ,$205.71 ,$23.22 ,$174.94 
2/27/2023,$147.92 ,$93.76 ,$89.87 ,$250.16 ,$207.63 ,$23.50 ,$169.54 
2/24/2023,$146.71 ,$93.50 ,$89.13 ,$249.22 ,$196.88 ,$23.29 ,$170.39 
2/23/2023,$149.40 ,$95.82 ,$90.89 ,$254.77 ,$202.07 ,$23.66 ,$172.04 
2/22/2023,$148.91 ,$95.79 ,$91.65 ,$251.51 ,$200.86 ,$20.75 ,$171.12 
2/21/2023,$148.48 ,$94.58 ,$91.79 ,$252.67 ,$197.37 ,$20.66 ,$172.08 
2/17/2023,$152.55 ,$97.20 ,$94.35 ,$258.06 ,$208.31 ,$21.39 ,$172.88 
2/16/2023,$153.71 ,$98.15 ,$95.51 ,$262.15 ,$202.04 ,$22.00 ,$172.44 
2/15/2023,$155.33 ,$101.16 ,$96.94 ,$269.32 ,$214.24 ,$22.76 ,$177.16 
2/14/2023,$153.20 ,$99.70 ,$94.68 ,$272.17 ,$209.25 ,$22.97 ,$179.48 
2/13/2023,$153.85 ,$99.54 ,$94.61 ,$271.32 ,$194.64 ,$21.79 ,$179.43 
2/10/2023,$151.01 ,$97.61 ,$94.57 ,$263.10 ,$196.89 ,$21.27 ,$174.15 
2/9/2023,$150.87 ,$98.24 ,$95.01 ,$263.62 ,$207.32 ,$22.34 ,$177.92 
2/8/2023,$151.92 ,$100.05 ,$99.37 ,$266.73 ,$201.29 ,$22.21 ,$183.43 
2/7/2023,$154.65 ,$102.11 ,$107.64 ,$267.56 ,$196.81 ,$22.17 ,$191.62 
2/6/2023,$151.73 ,$102.18 ,$102.90 ,$256.77 ,$194.76 ,$21.09 ,$186.06 
2/3/2023,$154.50 ,$103.39 ,$104.78 ,$258.35 ,$189.98 ,$21.10 ,$186.53 
2/2/2023,$150.82 ,$112.91 ,$107.74 ,$264.60 ,$188.27 ,$21.71 ,$188.77 
2/1/2023,$145.43 ,$105.15 ,$100.43 ,$252.75 ,$181.41 ,$20.94 ,$153.12 
1/31/2023,$144.29 ,$103.13 ,$98.84 ,$247.81 ,$173.22 ,$19.54 ,$148.97 
1/30/2023,$143.00 ,$100.55 ,$96.94 ,$242.71 ,$166.66 ,$19.16 ,$147.06 
1/27/2023,$145.93 ,$102.24 ,$99.37 ,$248.16 ,$177.90 ,$20.37 ,$151.74 
1/26/2023,$143.96 ,$99.22 ,$97.52 ,$248.00 ,$160.27 ,$19.80 ,$147.30 
1/25/2023,$141.86 ,$97.18 ,$95.22 ,$240.61 ,$144.43 ,$19.32 ,$141.50 
1/24/2023,$142.53 ,$96.32 ,$97.70 ,$242.04 ,$143.89 ,$19.27 ,$143.14 
1/23/2023,$141.11 ,$97.52 ,$99.79 ,$242.58 ,$143.75 ,$19.19 ,$143.27 
1/20/2023,$137.87 ,$97.25 ,$98.02 ,$240.22 ,$133.42 ,$17.84 ,$139.37 
1/19/2023,$135.27 ,$93.68 ,$93.05 ,$231.93 ,$127.17 ,$16.77 ,$136.15 
1/18/2023,$135.21 ,$95.46 ,$91.12 ,$235.81 ,$128.78 ,$17.38 ,$133.02 
1/17/2023,$135.94 ,$96.05 ,$91.29 ,$240.35 ,$131.49 ,$17.70 ,$135.36 
1/13/2023,$134.76 ,$98.12 ,$92.12 ,$239.23 ,$122.40 ,$16.90 ,$136.98 
1/12/2023,$133.41 ,$95.27 ,$91.13 ,$238.51 ,$123.56 ,$16.51 ,$136.71 
1/11/2023,$133.49 ,$95.09 ,$91.52 ,$235.77 ,$123.22 ,$16.00 ,$132.89 
1/10/2023,$130.73 ,$89.87 ,$88.42 ,$228.85 ,$118.85 ,$15.91 ,$132.99 
1/9/2023,$130.15 ,$87.36 ,$88.02 ,$227.12 ,$119.77 ,$15.63 ,$129.47 
1/6/2023,$129.62 ,$86.08 ,$87.34 ,$224.93 ,$113.06 ,$14.86 ,$130.02 
1/5/2023,$125.02 ,$83.12 ,$86.20 ,$222.31 ,$110.34 ,$14.27 ,$126.94 
1/4/2023,$126.36 ,$85.14 ,$88.08 ,$229.10 ,$113.64 ,$14.75 ,$127.37 
1/3/2023,$125.07 ,$85.82 ,$89.12 ,$239.58 ,$108.10 ,$14.32 ,$124.74 
12/30/2022,$129.93 ,$84.00 ,$88.23 ,$239.82 ,$123.18 ,$14.61 ,$120.34 
12/29/2022,$129.61 ,$84.18 ,$88.45 ,$241.01 ,$121.82 ,$14.60 ,$120.26 
12/28/2022,$126.04 ,$81.82 ,$86.02 ,$234.53 ,$112.71 ,$14.04 ,$115.62 
12/27/2022,$130.03 ,$83.04 ,$87.39 ,$236.96 ,$109.10 ,$14.12 ,$116.88 
12/23/2022,$131.86 ,$85.25 ,$89.23 ,$238.73 ,$123.15 ,$15.21 ,$118.04 
12/22/2022,$132.23 ,$83.79 ,$87.76 ,$238.19 ,$125.35 ,$15.34 ,$117.12 
12/21/2022,$135.45 ,$86.77 ,$89.58 ,$244.43 ,$137.57 ,$16.50 ,$119.76 
12/20/2022,$132.30 ,$85.19 ,$89.02 ,$241.80 ,$137.80 ,$16.09 ,$117.09 
12/19/2022,$132.37 ,$84.92 ,$88.44 ,$240.45 ,$149.87 ,$16.25 ,$114.48 
12/16/2022,$134.51 ,$87.86 ,$90.26 ,$244.69 ,$150.23 ,$16.57 ,$119.43 
12/15/2022,$136.50 ,$88.45 ,$90.86 ,$249.01 ,$157.67 ,$16.95 ,$116.15 
12/14/2022,$143.21 ,$91.58 ,$95.07 ,$257.22 ,$156.80 ,$17.67 ,$121.59 
12/13/2022,$145.47 ,$92.49 ,$95.63 ,$256.92 ,$160.95 ,$18.07 ,$120.15 
12/12/2022,$144.49 ,$90.55 ,$93.31 ,$252.51 ,$167.82 ,$17.54 ,$114.71 
12/9/2022,$142.16 ,$89.09 ,$92.83 ,$245.42 ,$179.05 ,$17.00 ,$115.90 
12/8/2022,$142.65 ,$90.35 ,$93.71 ,$247.40 ,$173.44 ,$17.17 ,$115.33 
12/7/2022,$140.94 ,$88.46 ,$94.94 ,$244.37 ,$174.04 ,$16.12 ,$113.93 
12/6/2022,$142.91 ,$88.25 ,$96.98 ,$245.12 ,$179.82 ,$15.99 ,$114.12 
12/5/2022,$146.63 ,$91.01 ,$99.48 ,$250.20 ,$182.45 ,$16.61 ,$122.43 
12/2/2022,$147.81 ,$94.13 ,$100.44 ,$255.02 ,$194.86 ,$16.88 ,$123.49 
12/1/2022,$148.31 ,$95.50 ,$100.99 ,$254.69 ,$194.70 ,$17.14 ,$120.44 
11/30/2022,$148.03 ,$96.54 ,$100.99 ,$255.14 ,$194.70 ,$16.92 ,$118.10 
11/29/2022,$141.17 ,$92.42 ,$95.19 ,$240.33 ,$180.83 ,$15.64 ,$109.46 
11/28/2022,$144.22 ,$93.95 ,$96.05 ,$241.76 ,$182.92 ,$15.83 ,$108.78 
11/25/2022,$148.11 ,$93.41 ,$97.46 ,$247.49 ,$182.86 ,$16.27 ,$111.41 
11/23/2022,$151.07 ,$94.13 ,$98.46 ,$247.58 ,$183.20 ,$16.52 ,$112.24 
11/22/2022,$150.18 ,$93.20 ,$97.05 ,$245.03 ,$169.91 ,$16.04 ,$111.44 
11/21/2022,$148.01 ,$92.46 ,$95.60 ,$242.05 ,$167.87 ,$15.32 ,$109.86 
11/18/2022,$151.29 ,$94.14 ,$97.43 ,$241.22 ,$180.19 ,$15.41 ,$112.05 
11/17/2022,$150.72 ,$94.85 ,$98.36 ,$241.68 ,$183.17 ,$15.68 ,$111.45 
11/16/2022,$148.79 ,$97.12 ,$98.85 ,$241.73 ,$186.92 ,$15.91 ,$113.23 
11/15/2022,$150.04 ,$98.94 ,$98.44 ,$241.97 ,$194.42 ,$16.67 ,$117.08 
11/14/2022,$148.28 ,$98.49 ,$95.70 ,$241.55 ,$190.95 ,$16.30 ,$114.22 
11/11/2022,$149.70 ,$100.79 ,$96.41 ,$247.11 ,$195.97 ,$16.33 ,$113.02 
11/10/2022,$146.87 ,$96.63 ,$93.94 ,$242.98 ,$190.72 ,$15.75 ,$111.87 
11/9/2022,$134.87 ,$86.14 ,$87.32 ,$224.51 ,$177.59 ,$13.78 ,$101.47 
11/8/2022,$139.50 ,$89.98 ,$88.90 ,$228.87 ,$191.30 ,$14.60 ,$96.47 
11/7/2022,$138.92 ,$90.53 ,$88.49 ,$227.87 ,$197.08 ,$14.30 ,$96.72 
11/4/2022,$138.38 ,$90.98 ,$86.58 ,$221.39 ,$207.47 ,$14.16 ,$90.79 
11/3/2022,$138.88 ,$89.30 ,$83.43 ,$214.25 ,$215.31 ,$13.42 ,$88.91 
11/2/2022,$145.03 ,$92.12 ,$86.97 ,$220.10 ,$214.98 ,$13.22 ,$90.54 
11/1/2022,$150.65 ,$96.79 ,$90.47 ,$228.17 ,$227.82 ,$13.54 ,$95.20 
10/31/2022,$153.34 ,$102.44 ,$94.51 ,$232.13 ,$227.54 ,$13.50 ,$93.16 
10/28/2022,$155.74 ,$103.41 ,$96.29 ,$235.87 ,$228.52 ,$13.83 ,$99.20 
10/27/2022,$144.80 ,$110.96 ,$92.22 ,$226.75 ,$225.09 ,$13.18 ,$97.94 
10/26/2022,$149.35 ,$115.66 ,$94.93 ,$231.32 ,$224.64 ,$12.90 ,$129.82 
10/25/2022,$152.34 ,$120.60 ,$104.48 ,$250.66 ,$222.42 ,$13.26 ,$137.51 
10/24/2022,$149.45 ,$119.82 ,$102.52 ,$247.25 ,$211.25 ,$12.60 ,$129.72 
10/21/2022,$147.27 ,$119.32 ,$101.13 ,$242.12 ,$214.44 ,$12.47 ,$130.01 
10/20/2022,$143.39 ,$115.25 ,$99.97 ,$236.15 ,$207.28 ,$12.19 ,$131.53 
10/19/2022,$143.86 ,$115.07 ,$99.63 ,$236.48 ,$222.04 ,$12.05 ,$133.23 
10/18/2022,$143.75 ,$116.36 ,$100.77 ,$238.50 ,$220.19 ,$11.97 ,$132.80 
10/17/2022,$142.41 ,$113.79 ,$99.97 ,$237.53 ,$219.35 ,$11.89 ,$134.04 
10/14/2022,$138.38 ,$106.90 ,$96.56 ,$228.56 ,$204.99 ,$11.23 ,$126.76 
10/13/2022,$142.99 ,$112.53 ,$99.06 ,$234.24 ,$221.72 ,$11.96 ,$130.29 
10/12/2022,$138.34 ,$112.90 ,$97.56 ,$225.75 ,$217.24 ,$11.50 ,$127.50 
10/11/2022,$138.98 ,$112.21 ,$97.18 ,$225.41 ,$216.50 ,$11.59 ,$128.54 
10/10/2022,$140.42 ,$113.67 ,$97.86 ,$229.25 ,$222.96 ,$11.67 ,$133.79 
10/7/2022,$140.09 ,$114.56 ,$98.68 ,$234.24 ,$223.07 ,$12.08 ,$133.45 
10/6/2022,$145.43 ,$120.30 ,$101.42 ,$246.79 ,$238.13 ,$13.13 ,$139.07 
10/5/2022,$146.40 ,$120.95 ,$101.43 ,$249.20 ,$240.81 ,$13.21 ,$138.98 
10/4/2022,$146.10 ,$121.09 ,$101.64 ,$248.88 ,$249.44 ,$13.17 ,$140.28 
10/3/2022,$142.45 ,$115.88 ,$98.64 ,$240.74 ,$242.40 ,$12.51 ,$138.61 
9/30/2022,$138.20 ,$113.00 ,$95.65 ,$232.90 ,$265.25 ,$12.14 ,$135.68 
9/29/2022,$142.48 ,$114.80 ,$97.42 ,$237.50 ,$268.21 ,$12.22 ,$136.41 
9/28/2022,$149.84 ,$118.01 ,$100.05 ,$241.07 ,$287.81 ,$12.74 ,$141.61 
9/27/2022,$151.76 ,$114.41 ,$97.50 ,$236.41 ,$282.94 ,$12.41 ,$134.40 
9/26/2022,$150.77 ,$115.15 ,$98.17 ,$237.45 ,$276.01 ,$12.23 ,$136.37 
9/23/2022,$150.43 ,$113.78 ,$98.74 ,$237.92 ,$275.33 ,$12.52 ,$140.41 
9/22/2022,$152.74 ,$117.31 ,$100.14 ,$240.98 ,$288.59 ,$12.56 ,$142.82 
9/21/2022,$153.72 ,$118.54 ,$99.28 ,$238.95 ,$300.80 ,$13.26 ,$142.12 
9/20/2022,$156.90 ,$122.19 ,$101.14 ,$242.45 ,$308.73 ,$13.18 ,$146.09 
9/19/2022,$154.48 ,$124.66 ,$103.07 ,$244.52 ,$309.07 ,$13.38 ,$148.02 
9/16/2022,$150.70 ,$123.53 ,$102.80 ,$244.74 ,$303.35 ,$13.20 ,$146.29 
9/15/2022,$152.37 ,$126.28 ,$102.91 ,$245.38 ,$303.75 ,$12.93 ,$149.55 
9/14/2022,$155.31 ,$128.55 ,$105.00 ,$252.22 ,$302.61 ,$13.13 ,$151.47 
9/13/2022,$153.84 ,$126.82 ,$104.32 ,$251.99 ,$292.13 ,$13.13 ,$153.13 
9/12/2022,$163.43 ,$136.45 ,$110.86 ,$266.65 ,$304.42 ,$14.51 ,$168.96 
9/9/2022,$157.37 ,$133.27 ,$110.65 ,$264.46 ,$299.68 ,$14.39 ,$169.15 
9/8/2022,$154.46 ,$129.82 ,$108.38 ,$258.52 ,$289.26 ,$13.99 ,$162.06 
9/7/2022,$155.96 ,$129.48 ,$109.45 ,$258.09 ,$283.70 ,$13.71 ,$160.39 
9/6/2022,$154.53 ,$126.11 ,$106.81 ,$253.25 ,$274.42 ,$13.47 ,$158.54 
9/2/2022,$155.81 ,$127.51 ,$107.85 ,$256.06 ,$270.21 ,$13.65 ,$160.32 
9/1/2022,$157.96 ,$127.82 ,$109.74 ,$260.40 ,$277.16 ,$13.94 ,$165.36 
8/31/2022,$157.22 ,$126.77 ,$108.22 ,$261.47 ,$275.61 ,$15.09 ,$162.93 
8/30/2022,$158.91 ,$128.73 ,$108.94 ,$262.97 ,$277.70 ,$15.47 ,$157.16 
8/29/2022,$161.38 ,$129.79 ,$109.42 ,$265.23 ,$284.82 ,$15.80 ,$159.17 
8/26/2022,$163.62 ,$130.75 ,$110.34 ,$268.09 ,$288.09 ,$16.26 ,$161.78 
8/25/2022,$170.03 ,$137.28 ,$116.65 ,$278.85 ,$296.07 ,$17.91 ,$168.78 
8/24/2022,$167.53 ,$133.80 ,$113.69 ,$275.79 ,$297.10 ,$17.22 ,$163.26 
8/23/2022,$167.23 ,$133.62 ,$113.86 ,$276.44 ,$296.45 ,$17.18 ,$161.11 
8/22/2022,$167.57 ,$133.22 ,$114.24 ,$277.75 ,$289.91 ,$17.03 ,$163.05 
8/19/2022,$171.52 ,$138.23 ,$117.21 ,$286.15 ,$296.67 ,$17.85 ,$167.96 
8/18/2022,$174.15 ,$142.30 ,$120.17 ,$290.17 ,$302.87 ,$18.77 ,$174.66 
8/17/2022,$174.55 ,$142.10 ,$119.55 ,$291.32 ,$304.00 ,$18.34 ,$174.85 
8/16/2022,$173.03 ,$144.78 ,$121.70 ,$292.71 ,$306.56 ,$18.88 ,$179.47 
8/15/2022,$173.19 ,$143.18 ,$122.08 ,$293.47 ,$309.32 ,$19.03 ,$180.89 
8/12/2022,$172.10 ,$143.55 ,$121.68 ,$291.91 ,$300.03 ,$18.71 ,$180.50 
8/11/2022,$168.49 ,$140.64 ,$118.84 ,$287.02 ,$286.63 ,$17.94 ,$177.49 
8/10/2022,$169.24 ,$142.69 ,$119.70 ,$289.16 ,$294.36 ,$18.10 ,$178.34 
8/9/2022,$164.92 ,$137.83 ,$116.63 ,$282.30 ,$283.33 ,$17.09 ,$168.53 
8/8/2022,$164.87 ,$139.41 ,$117.30 ,$280.32 ,$290.42 ,$17.79 ,$170.25 
8/5/2022,$165.35 ,$140.80 ,$117.47 ,$282.91 ,$288.17 ,$18.99 ,$167.11 
8/4/2022,$165.81 ,$142.57 ,$118.19 ,$283.65 ,$308.63 ,$19.22 ,$170.57 
8/3/2022,$166.13 ,$139.52 ,$118.08 ,$282.47 ,$307.40 ,$18.89 ,$168.80 
8/2/2022,$160.01 ,$134.16 ,$115.13 ,$274.82 ,$300.59 ,$18.53 ,$160.19 
8/1/2022,$161.51 ,$135.39 ,$114.86 ,$278.01 ,$297.28 ,$18.44 ,$159.93 
7/29/2022,$162.51 ,$134.95 ,$116.32 ,$280.74 ,$297.15 ,$18.16 ,$159.10 
7/28/2022,$157.35 ,$122.28 ,$114.22 ,$276.41 ,$280.90 ,$17.98 ,$160.72 
7/27/2022,$156.79 ,$120.97 ,$113.06 ,$268.74 ,$274.82 ,$17.79 ,$169.58 
7/26/2022,$151.60 ,$114.81 ,$105.02 ,$251.90 ,$258.86 ,$16.53 ,$159.15 
7/25/2022,$152.95 ,$121.14 ,$107.51 ,$258.83 ,$268.43 ,$17.02 ,$166.65 
7/22/2022,$154.09 ,$122.42 ,$107.90 ,$260.36 ,$272.24 ,$17.32 ,$169.27 
7/21/2022,$155.35 ,$124.63 ,$114.34 ,$264.84 ,$271.71 ,$18.05 ,$183.17 
7/20/2022,$153.04 ,$122.77 ,$113.90 ,$262.27 ,$247.50 ,$17.81 ,$183.09 
7/19/2022,$151.00 ,$118.21 ,$113.81 ,$259.53 ,$245.53 ,$16.99 ,$175.78 
7/18/2022,$147.07 ,$113.76 ,$109.03 ,$254.25 ,$240.55 ,$16.10 ,$167.23 
7/15/2022,$150.17 ,$113.55 ,$111.78 ,$256.72 ,$240.07 ,$15.76 ,$164.70 
7/14/2022,$148.47 ,$110.63 ,$110.37 ,$254.08 ,$238.31 ,$15.37 ,$158.05 
7/13/2022,$145.49 ,$110.40 ,$111.35 ,$252.72 ,$237.04 ,$15.16 ,$163.49 
7/12/2022,$145.86 ,$109.22 ,$114.02 ,$253.67 ,$233.07 ,$15.08 ,$163.27 
7/11/2022,$144.87 ,$111.75 ,$115.68 ,$264.51 ,$234.34 ,$15.15 ,$162.88 
7/8/2022,$147.04 ,$115.54 ,$119.35 ,$267.66 ,$250.76 ,$15.84 ,$170.88 
7/7/2022,$146.35 ,$116.33 ,$118.78 ,$268.40 ,$244.54 ,$15.86 ,$172.19 
7/6/2022,$142.92 ,$114.33 ,$114.57 ,$266.21 ,$231.73 ,$15.13 ,$169.77 
7/5/2022,$141.56 ,$113.50 ,$113.26 ,$262.85 ,$233.07 ,$14.96 ,$168.19 
7/1/2022,$138.93 ,$109.56 ,$108.74 ,$259.58 ,$227.26 ,$14.52 ,$160.03 
6/30/2022,$136.72 ,$106.21 ,$108.96 ,$256.83 ,$224.47 ,$15.16 ,$161.25 
6/29/2022,$139.23 ,$108.92 ,$111.70 ,$260.26 ,$228.49 ,$15.54 ,$163.94 
6/28/2022,$137.44 ,$107.40 ,$112.01 ,$256.48 ,$232.66 ,$15.98 ,$160.68 
6/27/2022,$141.66 ,$113.22 ,$115.83 ,$264.89 ,$244.92 ,$16.87 ,$169.49 
6/24/2022,$141.66 ,$116.46 ,$117.98 ,$267.70 ,$245.71 ,$17.13 ,$170.16 
6/23/2022,$138.27 ,$112.44 ,$112.24 ,$258.86 ,$235.07 ,$16.23 ,$158.75 
6/22/2022,$135.35 ,$108.95 ,$111.49 ,$253.13 ,$236.09 ,$16.36 ,$155.85 
6/21/2022,$135.87 ,$108.68 ,$111.54 ,$253.74 ,$237.04 ,$16.57 ,$157.05 
6/17/2022,$131.56 ,$106.22 ,$107.14 ,$247.65 ,$216.76 ,$15.88 ,$163.74 
6/16/2022,$130.06 ,$103.66 ,$106.03 ,$244.97 ,$213.10 ,$15.60 ,$160.87 
6/15/2022,$135.43 ,$107.67 ,$109.76 ,$251.76 ,$233.00 ,$16.53 ,$169.35 
6/14/2022,$132.76 ,$102.31 ,$106.72 ,$244.49 ,$220.89 ,$15.84 ,$163.73 
6/13/2022,$131.88 ,$103.67 ,$106.39 ,$242.26 ,$215.74 ,$15.65 ,$164.26 
6/10/2022,$137.13 ,$109.65 ,$111.16 ,$252.99 ,$232.23 ,$16.97 ,$175.57 
6/9/2022,$142.64 ,$116.15 ,$114.84 ,$264.79 ,$239.71 ,$18.05 ,$184.00 
6/8/2022,$147.96 ,$121.18 ,$117.19 ,$270.41 ,$241.87 ,$18.65 ,$196.64 
6/7/2022,$148.71 ,$123.00 ,$117.15 ,$272.50 ,$238.89 ,$18.93 ,$195.65 
6/6/2022,$146.14 ,$124.79 ,$116.82 ,$268.75 ,$238.28 ,$18.79 ,$194.25 
6/3/2022,$145.38 ,$122.35 ,$114.54 ,$270.02 ,$234.52 ,$18.72 ,$190.78 
6/2/2022,$151.21 ,$125.51 ,$117.62 ,$274.58 ,$258.33 ,$19.59 ,$198.86 
6/1/2022,$148.71 ,$121.68 ,$113.89 ,$272.42 ,$246.79 ,$18.32 ,$188.64 
5/31/2022,$148.84 ,$120.21 ,$113.76 ,$271.87 ,$252.75 ,$18.67 ,$193.64 
5/27/2022,$149.64 ,$115.15 ,$112.32 ,$273.24 ,$253.21 ,$18.81 ,$195.13 
5/26/2022,$143.78 ,$111.08 ,$107.79 ,$265.90 ,$235.91 ,$17.85 ,$191.63 
5/25/2022,$140.52 ,$106.78 ,$105.81 ,$262.52 ,$219.60 ,$16.98 ,$183.83 
5/24/2022,$140.36 ,$104.10 ,$105.97 ,$259.62 ,$209.39 ,$16.15 ,$181.28 
5/23/2022,$143.11 ,$107.56 ,$111.49 ,$260.65 ,$224.97 ,$16.90 ,$196.23 
5/20/2022,$137.59 ,$107.59 ,$108.91 ,$252.56 ,$221.30 ,$16.69 ,$193.54 
5/19/2022,$137.35 ,$107.32 ,$110.38 ,$253.14 ,$236.47 ,$17.12 ,$191.29 
5/18/2022,$140.82 ,$107.11 ,$111.90 ,$254.08 ,$236.60 ,$16.94 ,$192.24 
5/17/2022,$149.24 ,$115.37 ,$116.47 ,$266.82 ,$253.87 ,$18.18 ,$202.62 
5/16/2022,$145.54 ,$110.81 ,$114.45 ,$261.50 ,$241.46 ,$17.26 ,$200.04 
5/13/2022,$147.11 ,$113.06 ,$116.05 ,$261.12 ,$256.53 ,$17.71 ,$198.62 
5/12/2022,$142.56 ,$106.93 ,$112.84 ,$255.35 ,$242.67 ,$16.18 ,$191.24 
5/11/2022,$146.50 ,$105.37 ,$113.60 ,$260.55 ,$244.67 ,$16.63 ,$188.74 
5/10/2022,$154.51 ,$108.86 ,$114.40 ,$269.50 ,$266.68 ,$17.60 ,$197.65 
5/9/2022,$152.06 ,$108.79 ,$112.51 ,$264.58 ,$262.37 ,$16.95 ,$196.21 
5/6/2022,$157.28 ,$114.77 ,$115.75 ,$274.73 ,$288.55 ,$18.68 ,$203.77 
5/5/2022,$156.77 ,$116.41 ,$116.51 ,$277.35 ,$291.09 ,$18.84 ,$208.28 
5/4/2022,$166.02 ,$125.93 ,$122.26 ,$289.98 ,$317.54 ,$20.33 ,$223.41 
5/3/2022,$159.48 ,$124.25 ,$117.33 ,$281.78 ,$303.08 ,$19.60 ,$212.03 
5/2/2022,$157.96 ,$124.50 ,$116.58 ,$284.47 ,$300.98 ,$19.53 ,$211.13 
4/29/2022,$157.65 ,$124.28 ,$114.11 ,$277.52 ,$290.25 ,$18.55 ,$200.47 
4/28/2022,$163.64 ,$144.60 ,$118.52 ,$289.63 ,$292.50 ,$19.78 ,$205.73 
4/27/2022,$156.57 ,$138.17 ,$114.29 ,$283.22 ,$293.84 ,$18.42 ,$174.95 
4/26/2022,$156.80 ,$139.39 ,$118.65 ,$270.22 ,$292.14 ,$18.79 ,$180.95 
4/25/2022,$162.88 ,$146.07 ,$123.07 ,$280.72 ,$332.67 ,$19.90 ,$186.99 
4/22/2022,$161.79 ,$144.35 ,$119.64 ,$274.03 ,$335.02 ,$19.52 ,$184.11 
4/21/2022,$166.42 ,$148.30 ,$124.81 ,$280.81 ,$336.26 ,$20.18 ,$188.07 
4/20/2022,$167.23 ,$154.00 ,$128.04 ,$286.36 ,$325.73 ,$21.48 ,$200.42 
4/19/2022,$167.40 ,$158.12 ,$130.01 ,$285.30 ,$342.72 ,$22.20 ,$217.31 
4/18/2022,$165.07 ,$152.79 ,$127.68 ,$280.52 ,$334.76 ,$21.78 ,$210.77 
4/14/2022,$165.29 ,$151.71 ,$126.73 ,$279.83 ,$328.33 ,$21.26 ,$210.18 
4/13/2022,$170.40 ,$155.54 ,$129.89 ,$287.62 ,$340.79 ,$22.20 ,$214.99 
4/12/2022,$167.66 ,$150.79 ,$127.71 ,$282.06 ,$328.98 ,$21.50 ,$214.14 
4/11/2022,$165.75 ,$151.12 ,$128.82 ,$285.26 ,$325.31 ,$21.92 ,$216.46 
4/8/2022,$170.09 ,$154.46 ,$133.29 ,$296.97 ,$341.83 ,$23.12 ,$222.33 
4/7/2022,$172.14 ,$157.78 ,$135.89 ,$301.37 ,$352.42 ,$24.21 ,$222.95 
4/6/2022,$171.83 ,$158.76 ,$136.55 ,$299.50 ,$348.59 ,$24.41 ,$223.30 
4/5/2022,$175.06 ,$164.06 ,$140.59 ,$310.88 ,$363.75 ,$25.93 ,$231.84 
4/4/2022,$178.44 ,$168.35 ,$142.97 ,$314.97 ,$381.82 ,$27.36 ,$233.89 
4/1/2022,$174.31 ,$163.56 ,$140.15 ,$309.42 ,$361.53 ,$26.71 ,$224.85 
3/31/2022,$174.61 ,$163.00 ,$139.07 ,$308.31 ,$359.20 ,$27.29 ,$222.36 
3/30/2022,$177.77 ,$166.30 ,$141.94 ,$313.86 ,$364.66 ,$27.69 ,$227.85 
3/29/2022,$178.96 ,$169.32 ,$142.51 ,$315.41 ,$366.52 ,$28.66 ,$229.86 
3/28/2022,$175.60 ,$168.99 ,$141.46 ,$310.70 ,$363.95 ,$28.22 ,$223.59 
3/25/2022,$174.72 ,$164.77 ,$141.67 ,$303.68 ,$336.88 ,$27.69 ,$221.82 
3/24/2022,$174.07 ,$163.65 ,$141.57 ,$304.10 ,$337.97 ,$28.15 ,$219.57 
3/23/2022,$170.21 ,$163.41 ,$138.28 ,$299.49 ,$333.04 ,$25.63 ,$213.46 
3/22/2022,$168.82 ,$164.89 ,$139.87 ,$304.06 ,$331.33 ,$26.52 ,$216.65 
3/21/2022,$165.38 ,$161.49 ,$136.10 ,$299.16 ,$307.05 ,$26.73 ,$211.49 
3/18/2022,$163.98 ,$161.25 ,$136.13 ,$300.43 ,$301.80 ,$26.45 ,$216.49 
3/17/2022,$160.62 ,$157.24 ,$133.84 ,$295.22 ,$290.53 ,$24.77 ,$207.84 
3/16/2022,$159.59 ,$153.10 ,$133.28 ,$294.39 ,$280.08 ,$24.50 ,$203.63 
3/15/2022,$155.09 ,$147.37 ,$129.20 ,$287.15 ,$267.30 ,$22.97 ,$192.03 
3/14/2022,$150.62 ,$141.85 ,$125.95 ,$276.44 ,$255.46 ,$21.33 ,$186.63 
3/11/2022,$154.73 ,$145.52 ,$129.87 ,$280.07 ,$265.12 ,$22.10 ,$187.61 
3/10/2022,$158.52 ,$146.82 ,$132.43 ,$285.59 ,$279.43 ,$22.66 ,$195.21 
3/9/2022,$162.95 ,$139.28 ,$133.42 ,$288.50 ,$286.32 ,$23.01 ,$198.50 
3/8/2022,$157.44 ,$136.01 ,$127.10 ,$275.85 ,$274.80 ,$21.51 ,$190.29 
3/7/2022,$159.30 ,$137.45 ,$126.38 ,$278.91 ,$268.19 ,$21.35 ,$187.47 
3/4/2022,$163.17 ,$145.64 ,$131.91 ,$289.86 ,$279.43 ,$22.94 ,$200.06 
3/3/2022,$166.23 ,$147.90 ,$133.90 ,$295.92 ,$279.76 ,$23.71 ,$202.97 
3/2/2022,$166.56 ,$152.05 ,$134.57 ,$300.19 ,$293.30 ,$24.22 ,$208.11 
3/1/2022,$163.20 ,$151.14 ,$134.06 ,$294.95 ,$288.12 ,$23.48 ,$203.49 
2/28/2022,$165.12 ,$153.56 ,$135.06 ,$298.79 ,$290.14 ,$24.39 ,$211.03 
2/25/2022,$164.85 ,$153.79 ,$134.46 ,$297.31 ,$269.96 ,$24.16 ,$210.48 
2/24/2022,$162.74 ,$151.36 ,$132.69 ,$294.59 ,$266.92 ,$23.75 ,$207.60 
2/23/2022,$160.07 ,$144.83 ,$127.59 ,$280.27 ,$254.68 ,$22.39 ,$198.45 
2/22/2022,$164.32 ,$150.20 ,$129.81 ,$287.72 ,$273.84 ,$23.39 ,$202.08 
2/18/2022,$167.30 ,$152.60 ,$130.40 ,$287.93 ,$285.66 ,$23.64 ,$206.16 
2/17/2022,$168.88 ,$154.65 ,$132.54 ,$290.73 ,$292.12 ,$24.51 ,$207.71 
2/16/2022,$172.55 ,$158.10 ,$137.74 ,$299.50 ,$307.80 ,$26.51 ,$216.54 
2/15/2022,$172.79 ,$156.51 ,$136.61 ,$300.47 ,$307.48 ,$26.50 ,$221.00 
2/14/2022,$168.88 ,$155.17 ,$135.53 ,$295.00 ,$291.92 ,$24.27 ,$217.70 
2/11/2022,$168.64 ,$153.29 ,$134.28 ,$295.04 ,$286.67 ,$23.95 ,$219.55 
2/10/2022,$172.12 ,$159.00 ,$138.62 ,$302.38 ,$301.52 ,$25.82 ,$228.07 
2/9/2022,$176.28 ,$161.19 ,$141.59 ,$311.21 ,$310.67 ,$26.71 ,$232.00 
2/8/2022,$174.83 ,$161.41 ,$139.40 ,$304.56 ,$307.33 ,$25.11 ,$220.18 
2/7/2022,$171.66 ,$157.94 ,$139.20 ,$300.95 ,$302.45 ,$24.73 ,$224.91 
2/4/2022,$172.39 ,$157.64 ,$143.29 ,$305.94 ,$307.77 ,$24.32 ,$237.09 
2/3/2022,$172.90 ,$138.85 ,$143.09 ,$301.25 ,$297.05 ,$23.95 ,$237.76 
2/2/2022,$175.84 ,$150.61 ,$148.00 ,$313.46 ,$301.89 ,$25.24 ,$323.00 
2/1/2022,$174.61 ,$151.19 ,$137.64 ,$308.76 ,$310.42 ,$24.64 ,$319.00 
1/31/2022,$174.78 ,$149.57 ,$135.30 ,$310.98 ,$312.24 ,$24.49 ,$313.26 
1/28/2022,$170.33 ,$143.98 ,$133.35 ,$308.26 ,$282.12 ,$22.84 ,$301.71 
1/27/2022,$159.22 ,$139.64 ,$129.01 ,$299.84 ,$276.37 ,$21.94 ,$294.64 
1/26/2022,$159.69 ,$138.87 ,$129.23 ,$296.71 ,$312.47 ,$22.77 ,$294.63 
1/25/2022,$159.78 ,$139.99 ,$126.94 ,$288.49 ,$306.13 ,$22.32 ,$300.15 
1/24/2022,$161.62 ,$144.54 ,$130.80 ,$296.37 ,$310.00 ,$23.37 ,$308.71 
1/21/2022,$162.41 ,$142.64 ,$130.35 ,$296.03 ,$314.63 ,$23.37 ,$303.17 
1/20/2022,$164.51 ,$151.67 ,$133.31 ,$301.60 ,$332.09 ,$24.15 ,$316.56 
1/19/2022,$166.23 ,$156.30 ,$135.12 ,$303.33 ,$331.88 ,$25.07 ,$319.59 
1/18/2022,$169.80 ,$158.92 ,$136.00 ,$302.65 ,$343.50 ,$25.90 ,$318.15 
1/14/2022,$173.07 ,$162.14 ,$139.48 ,$310.20 ,$349.87 ,$26.94 ,$331.90 
1/13/2022,$172.19 ,$161.21 ,$138.59 ,$304.80 ,$343.85 ,$26.58 ,$326.48 
1/12/2022,$175.53 ,$165.21 ,$141.43 ,$318.27 ,$368.74 ,$28.00 ,$333.26 
1/11/2022,$175.08 ,$165.36 ,$139.74 ,$314.98 ,$354.80 ,$27.82 ,$334.37 
1/10/2022,$172.19 ,$161.49 ,$138.67 ,$314.27 ,$352.71 ,$27.40 ,$328.07 
1/7/2022,$172.17 ,$162.55 ,$137.02 ,$314.04 ,$342.32 ,$27.25 ,$331.79 
1/6/2022,$172.00 ,$163.25 ,$137.75 ,$313.88 ,$354.90 ,$28.18 ,$332.46 
1/5/2022,$174.92 ,$164.36 ,$137.78 ,$316.38 ,$362.71 ,$27.60 ,$324.17 
1/4/2022,$179.70 ,$167.52 ,$144.40 ,$329.01 ,$383.20 ,$29.29 ,$336.53 
1/3/2022,$182.01 ,$170.40 ,$144.99 ,$334.75 ,$399.93 ,$30.12 ,$338.54 
12/31/2021,$177.57 ,$166.72 ,$144.85 ,$336.32 ,$352.26 ,$29.41 ,$336.35 
12/30/2021,$178.20 ,$168.64 ,$146.20 ,$339.32 ,$356.78 ,$29.59 ,$344.36 
12/29/2021,$179.38 ,$169.20 ,$146.66 ,$341.95 ,$362.06 ,$30.00 ,$342.94 
12/28/2021,$179.29 ,$170.66 ,$146.69 ,$341.25 ,$362.82 ,$30.32 ,$346.22 
12/27/2021,$180.33 ,$169.67 ,$147.91 ,$342.45 ,$364.65 ,$30.95 ,$346.18 
12/23/2021,$176.28 ,$171.07 ,$146.92 ,$334.69 ,$355.67 ,$29.64 ,$335.24 
12/22/2021,$175.64 ,$171.04 ,$146.42 ,$333.20 ,$336.29 ,$29.40 ,$330.45 
12/21/2021,$172.99 ,$170.42 ,$143.47 ,$327.29 ,$312.84 ,$29.08 ,$334.20 
12/20/2021,$169.75 ,$167.08 ,$141.61 ,$319.91 ,$299.98 ,$27.72 ,$325.45 
12/17/2021,$171.14 ,$170.02 ,$141.73 ,$323.80 ,$310.86 ,$27.80 ,$333.79 
12/16/2021,$172.26 ,$168.87 ,$144.45 ,$324.90 ,$308.97 ,$28.39 ,$334.90 
12/15/2021,$179.30 ,$173.32 ,$146.44 ,$334.65 ,$325.33 ,$30.46 ,$341.66 
12/14/2021,$174.33 ,$169.09 ,$143.91 ,$328.34 ,$319.50 ,$28.34 ,$333.74 
12/13/2021,$175.74 ,$169.57 ,$145.83 ,$339.40 ,$322.14 ,$28.16 ,$334.49 
12/10/2021,$179.45 ,$172.21 ,$148.00 ,$342.54 ,$339.01 ,$30.20 ,$329.75 
12/9/2021,$174.56 ,$174.17 ,$147.64 ,$333.10 ,$334.60 ,$30.49 ,$329.82 
12/8/2021,$175.08 ,$176.16 ,$148.19 ,$334.97 ,$356.32 ,$31.83 ,$330.56 
12/7/2021,$171.18 ,$176.16 ,$147.27 ,$334.92 ,$350.58 ,$32.43 ,$322.81 
12/6/2021,$165.32 ,$171.37 ,$143.16 ,$326.19 ,$336.34 ,$30.04 ,$317.87 
12/3/2021,$161.84 ,$169.49 ,$142.00 ,$323.01 ,$338.32 ,$30.69 ,$306.84 
12/2/2021,$163.76 ,$171.87 ,$142.97 ,$329.49 ,$361.53 ,$32.13 ,$310.39 
12/1/2021,$164.77 ,$172.19 ,$141.05 ,$330.08 ,$365.00 ,$31.44 ,$310.60 
11/30/2021,$165.30 ,$175.35 ,$141.90 ,$330.59 ,$381.59 ,$32.68 ,$324.46 
11/29/2021,$160.24 ,$178.08 ,$145.53 ,$336.63 ,$379.00 ,$33.38 ,$338.03 
11/26/2021,$156.81 ,$175.23 ,$142.18 ,$329.68 ,$360.64 ,$31.50 ,$333.12 
11/24/2021,$161.94 ,$179.02 ,$146.12 ,$337.91 ,$372.00 ,$32.67 ,$341.06 
11/23/2021,$161.41 ,$179.00 ,$145.78 ,$337.68 ,$369.68 ,$31.75 ,$337.25 
11/22/2021,$161.02 ,$178.63 ,$146.30 ,$339.83 ,$385.62 ,$31.96 ,$341.01 
11/19/2021,$160.55 ,$183.83 ,$148.93 ,$343.11 ,$379.02 ,$32.99 ,$345.30 
11/18/2021,$157.87 ,$184.80 ,$149.84 ,$341.27 ,$365.46 ,$31.68 ,$338.69 
11/17/2021,$153.49 ,$177.45 ,$148.05 ,$339.12 ,$363.00 ,$29.26 ,$340.77 
11/16/2021,$151.00 ,$177.04 ,$147.88 ,$339.51 ,$351.58 ,$30.20 ,$342.96 
11/15/2021,$150.00 ,$177.28 ,$148.45 ,$336.07 ,$337.80 ,$30.03 ,$347.56 
11/12/2021,$149.99 ,$176.26 ,$148.68 ,$336.72 ,$344.47 ,$30.39 ,$340.89 
11/11/2021,$147.87 ,$173.63 ,$145.77 ,$332.43 ,$354.50 ,$30.39 ,$327.74 
11/10/2021,$147.92 ,$174.10 ,$145.89 ,$330.80 ,$355.98 ,$29.46 ,$327.64 
11/9/2021,$150.81 ,$178.81 ,$148.92 ,$335.95 ,$341.17 ,$30.66 ,$335.37 
11/8/2021,$150.44 ,$174.45 ,$149.03 ,$336.99 ,$387.65 ,$30.80 ,$338.62 
11/5/2021,$151.28 ,$175.95 ,$148.85 ,$336.06 ,$407.36 ,$29.75 ,$341.13 
11/4/2021,$150.96 ,$173.85 ,$148.27 ,$336.44 ,$409.97 ,$29.80 ,$335.85 
11/3/2021,$151.49 ,$169.20 ,$146.60 ,$334.00 ,$404.62 ,$26.60 ,$331.62 
11/2/2021,$150.02 ,$165.64 ,$145.43 ,$333.13 ,$390.67 ,$26.40 ,$328.08 
11/1/2021,$148.96 ,$165.91 ,$143.50 ,$329.37 ,$402.86 ,$25.83 ,$329.98 
10/29/2021,$149.80 ,$168.62 ,$148.05 ,$331.62 ,$371.33 ,$25.57 ,$323.57 
10/28/2021,$152.57 ,$172.33 ,$145.85 ,$324.35 ,$359.01 ,$24.94 ,$316.92 
10/27/2021,$148.85 ,$169.62 ,$146.22 ,$323.17 ,$345.95 ,$24.45 ,$312.22 
10/26/2021,$149.32 ,$168.80 ,$139.31 ,$310.11 ,$339.48 ,$24.72 ,$315.81 
10/25/2021,$148.64 ,$166.02 ,$137.45 ,$308.13 ,$341.62 ,$23.17 ,$328.69 
10/22/2021,$148.69 ,$166.78 ,$137.57 ,$309.16 ,$303.23 ,$22.73 ,$324.61 
10/21/2021,$149.48 ,$171.75 ,$141.89 ,$310.76 ,$298.00 ,$22.69 ,$341.88 
10/20/2021,$149.26 ,$170.75 ,$141.77 ,$307.41 ,$288.60 ,$22.10 ,$340.78 
10/19/2021,$148.76 ,$172.21 ,$143.24 ,$308.23 ,$288.09 ,$22.29 ,$339.99 
10/18/2021,$146.55 ,$172.34 ,$142.78 ,$307.29 ,$290.04 ,$22.22 ,$335.34 
10/15/2021,$144.84 ,$170.45 ,$141.37 ,$304.21 ,$281.01 ,$21.86 ,$324.76 
10/14/2021,$143.76 ,$164.99 ,$141.15 ,$302.75 ,$272.77 ,$21.75 ,$328.53 
10/13/2021,$140.91 ,$164.21 ,$137.58 ,$296.31 ,$270.36 ,$20.94 ,$324.54 
10/12/2021,$141.51 ,$162.37 ,$136.45 ,$292.88 ,$268.57 ,$20.67 ,$323.77 
10/11/2021,$142.81 ,$162.32 ,$138.91 ,$294.23 ,$263.98 ,$20.70 ,$325.45 
10/8/2021,$142.90 ,$164.43 ,$139.79 ,$294.85 ,$261.83 ,$20.83 ,$330.05 
10/7/2021,$143.29 ,$165.12 ,$139.23 ,$294.85 ,$264.54 ,$21.08 ,$329.22 
10/6/2021,$142.00 ,$163.10 ,$137.57 ,$293.11 ,$260.92 ,$20.70 ,$333.64 
10/5/2021,$141.11 ,$161.05 ,$136.02 ,$288.76 ,$260.20 ,$20.45 ,$332.96 
10/4/2021,$139.14 ,$159.49 ,$133.66 ,$283.11 ,$260.51 ,$19.73 ,$326.23 
10/1/2021,$142.65 ,$164.16 ,$136.54 ,$289.10 ,$258.41 ,$20.74 ,$343.01 
9/30/2021,$141.50 ,$164.25 ,$133.68 ,$281.92 ,$258.49 ,$20.72 ,$339.39 
9/29/2021,$142.83 ,$165.06 ,$134.35 ,$284.00 ,$260.44 ,$20.52 ,$339.61 
9/28/2021,$141.91 ,$165.80 ,$135.83 ,$283.52 ,$259.19 ,$20.70 ,$340.65 
9/27/2021,$145.37 ,$170.29 ,$141.07 ,$294.17 ,$263.79 ,$21.66 ,$353.58 
9/24/2021,$146.92 ,$171.28 ,$142.22 ,$299.35 ,$258.13 ,$22.08 ,$352.96 
9/23/2021,$146.83 ,$170.80 ,$141.22 ,$299.56 ,$251.21 ,$22.48 ,$345.96 
9/22/2021,$145.85 ,$169.00 ,$140.28 ,$298.58 ,$250.65 ,$21.94 ,$343.21 
9/21/2021,$143.43 ,$167.18 ,$139.03 ,$294.80 ,$246.46 ,$21.25 ,$357.48 
9/20/2021,$142.94 ,$167.79 ,$138.72 ,$294.30 ,$243.39 ,$21.11 ,$355.70 
9/17/2021,$146.06 ,$173.13 ,$140.80 ,$299.87 ,$253.16 ,$21.90 ,$364.72 
9/16/2021,$148.79 ,$174.41 ,$143.61 ,$305.22 ,$252.33 ,$22.24 ,$373.06 
9/15/2021,$149.03 ,$173.79 ,$144.43 ,$304.82 ,$251.94 ,$22.34 ,$373.92 
9/14/2021,$148.12 ,$172.50 ,$142.54 ,$299.79 ,$248.16 ,$22.24 ,$376.53 
9/13/2021,$149.55 ,$172.86 ,$142.33 ,$296.99 ,$247.67 ,$22.15 ,$376.51 
9/10/2021,$148.97 ,$173.46 ,$140.88 ,$295.71 ,$245.42 ,$22.48 ,$378.69 
9/9/2021,$154.07 ,$174.21 ,$143.54 ,$297.25 ,$251.62 ,$22.18 ,$378.00 
9/8/2021,$155.11 ,$176.28 ,$143.69 ,$300.21 ,$251.29 ,$22.34 ,$377.57 
9/7/2021,$156.69 ,$175.46 ,$144.28 ,$300.18 ,$250.97 ,$22.66 ,$382.18 
9/3/2021,$154.30 ,$173.90 ,$143.74 ,$301.14 ,$244.52 ,$22.84 ,$376.26 
9/2/2021,$153.65 ,$173.16 ,$143.29 ,$301.15 ,$244.13 ,$22.40 ,$375.28 
9/1/2021,$152.51 ,$173.95 ,$145.22 ,$301.83 ,$244.70 ,$22.44 ,$382.05 
8/31/2021,$151.83 ,$173.54 ,$144.70 ,$301.88 ,$245.24 ,$22.39 ,$379.38 
8/30/2021,$153.12 ,$171.08 ,$144.59 ,$303.59 ,$243.64 ,$22.69 ,$380.66 
8/27/2021,$148.60 ,$167.48 ,$144.00 ,$299.72 ,$237.31 ,$22.64 ,$372.63 
8/26/2021,$147.54 ,$165.80 ,$141.44 ,$299.09 ,$233.72 ,$22.07 ,$364.38 
8/25/2021,$148.36 ,$164.96 ,$142.08 ,$302.01 ,$237.07 ,$22.21 ,$368.39 
8/24/2021,$149.62 ,$165.29 ,$141.26 ,$302.62 ,$236.16 ,$21.79 ,$365.51 
8/23/2021,$149.71 ,$163.29 ,$140.04 ,$304.65 ,$235.43 ,$21.96 ,$363.35 
8/20/2021,$148.19 ,$160.00 ,$137.43 ,$304.36 ,$226.75 ,$20.82 ,$359.37 
8/19/2021,$146.70 ,$159.39 ,$135.68 ,$296.77 ,$224.49 ,$19.80 ,$355.12 
8/18/2021,$146.36 ,$160.06 ,$135.45 ,$290.73 ,$229.66 ,$19.04 ,$355.45 
8/17/2021,$150.19 ,$162.10 ,$136.66 ,$293.08 ,$221.90 ,$19.46 ,$358.45 
8/16/2021,$151.12 ,$164.95 ,$138.31 ,$294.60 ,$228.72 ,$19.95 ,$366.56 
8/13/2021,$149.10 ,$164.70 ,$137.73 ,$292.85 ,$239.06 ,$20.19 ,$363.18 
8/12/2021,$148.89 ,$165.18 ,$137.19 ,$289.81 ,$240.75 ,$19.91 ,$362.65 
8/11/2021,$145.86 ,$164.61 ,$136.28 ,$286.95 ,$235.94 ,$19.70 ,$359.96 
8/10/2021,$145.60 ,$166.03 ,$136.81 ,$286.44 ,$236.66 ,$19.94 ,$361.13 
8/9/2021,$146.09 ,$167.09 ,$136.91 ,$288.33 ,$237.92 ,$20.30 ,$361.61 
8/6/2021,$146.14 ,$167.25 ,$135.74 ,$289.46 ,$233.03 ,$20.37 ,$363.51 
8/5/2021,$147.06 ,$168.80 ,$136.25 ,$289.52 ,$238.21 ,$20.64 ,$362.97 
8/4/2021,$146.95 ,$167.74 ,$135.13 ,$286.51 ,$236.97 ,$20.27 ,$358.92 
8/3/2021,$147.36 ,$168.31 ,$135.63 ,$287.12 ,$236.58 ,$19.82 ,$351.24 
8/2/2021,$145.52 ,$166.57 ,$134.85 ,$284.82 ,$236.56 ,$19.75 ,$351.95 
7/30/2021,$145.86 ,$166.38 ,$134.73 ,$284.91 ,$229.07 ,$19.50 ,$356.30 
7/29/2021,$145.64 ,$180.00 ,$135.78 ,$286.50 ,$225.78 ,$19.66 ,$358.32 
7/28/2021,$144.98 ,$181.52 ,$136.09 ,$286.22 ,$215.66 ,$19.50 ,$373.28 
7/27/2021,$146.77 ,$181.32 ,$131.90 ,$286.54 ,$214.93 ,$19.21 ,$367.81 
7/26/2021,$148.99 ,$184.99 ,$134.04 ,$289.05 ,$219.21 ,$19.29 ,$372.46 
7/23/2021,$148.56 ,$182.83 ,$133.02 ,$289.67 ,$214.46 ,$19.56 ,$369.79 
7/22/2021,$146.80 ,$181.90 ,$128.42 ,$286.14 ,$216.42 ,$19.59 ,$351.19 
7/21/2021,$145.40 ,$179.26 ,$127.55 ,$281.40 ,$218.43 ,$19.41 ,$346.23 
7/20/2021,$146.15 ,$178.66 ,$126.21 ,$279.32 ,$220.17 ,$18.61 ,$341.66 
7/19/2021,$142.45 ,$177.48 ,$124.58 ,$277.01 ,$215.41 ,$18.78 ,$336.95 
7/16/2021,$146.39 ,$178.68 ,$126.97 ,$280.75 ,$214.74 ,$18.16 ,$341.16 
7/15/2021,$148.48 ,$181.56 ,$127.01 ,$281.03 ,$216.87 ,$18.97 ,$344.46 
7/14/2021,$149.15 ,$184.08 ,$128.24 ,$282.51 ,$217.79 ,$19.84 ,$347.63 
7/13/2021,$145.64 ,$183.87 ,$127.34 ,$280.98 ,$222.85 ,$20.25 ,$352.09 
7/12/2021,$144.50 ,$185.93 ,$126.98 ,$277.32 ,$228.57 ,$20.51 ,$353.16 
7/9/2021,$145.11 ,$185.97 ,$125.52 ,$277.94 ,$218.98 ,$20.05 ,$350.42 
7/8/2021,$143.24 ,$186.57 ,$125.04 ,$277.42 ,$217.60 ,$19.90 ,$345.65 
7/7/2021,$144.57 ,$184.83 ,$126.47 ,$279.93 ,$214.88 ,$20.37 ,$350.49 
7/6/2021,$142.02 ,$183.79 ,$126.19 ,$277.66 ,$219.86 ,$20.70 ,$352.78 
7/2/2021,$139.96 ,$175.55 ,$125.26 ,$277.65 ,$226.30 ,$20.49 ,$354.70 
7/1/2021,$137.27 ,$171.65 ,$122.44 ,$271.60 ,$225.97 ,$20.21 ,$354.39 
6/30/2021,$136.96 ,$172.01 ,$122.09 ,$270.90 ,$226.57 ,$20.00 ,$347.71 
6/29/2021,$136.33 ,$172.41 ,$122.27 ,$271.40 ,$226.92 ,$20.03 ,$351.89 
6/28/2021,$134.78 ,$172.19 ,$122.54 ,$268.72 ,$229.57 ,$19.99 ,$355.64 
6/25/2021,$133.11 ,$170.07 ,$122.51 ,$265.02 ,$223.96 ,$19.03 ,$341.37 
6/24/2021,$133.41 ,$172.45 ,$122.50 ,$266.69 ,$226.61 ,$19.21 ,$343.18 
6/23/2021,$133.70 ,$175.19 ,$122.13 ,$265.28 ,$218.86 ,$19.06 ,$340.59 
6/22/2021,$133.98 ,$175.27 ,$122.33 ,$265.51 ,$207.90 ,$18.89 ,$339.03 
6/21/2021,$132.30 ,$172.70 ,$121.81 ,$262.63 ,$206.94 ,$18.43 ,$332.29 
6/18/2021,$130.46 ,$174.35 ,$120.11 ,$259.43 ,$207.77 ,$18.64 ,$329.66 
6/17/2021,$131.79 ,$174.46 ,$121.74 ,$260.90 ,$205.53 ,$18.66 ,$336.51 
6/16/2021,$130.15 ,$170.76 ,$120.77 ,$257.38 ,$201.62 ,$17.81 ,$331.08 
6/15/2021,$129.64 ,$169.16 ,$121.42 ,$258.36 ,$199.79 ,$17.79 ,$336.75 
6/14/2021,$130.48 ,$169.19 ,$122.45 ,$259.89 ,$205.90 ,$18.02 ,$336.77 
6/11/2021,$127.35 ,$167.34 ,$121.51 ,$257.89 ,$203.30 ,$17.83 ,$331.26 
6/10/2021,$126.11 ,$167.48 ,$121.76 ,$257.24 ,$203.37 ,$17.43 ,$332.46 
6/9/2021,$127.13 ,$164.06 ,$120.40 ,$253.59 ,$199.59 ,$17.36 ,$330.25 
6/8/2021,$126.74 ,$163.21 ,$119.92 ,$252.57 ,$201.20 ,$17.46 ,$333.68 
6/7/2021,$125.90 ,$159.90 ,$120.12 ,$253.81 ,$201.71 ,$17.62 ,$336.58 
6/4/2021,$125.89 ,$160.31 ,$119.68 ,$250.79 ,$199.68 ,$17.58 ,$330.35 
6/3/2021,$123.54 ,$159.35 ,$117.38 ,$245.71 ,$190.95 ,$16.97 ,$326.04 
6/2/2021,$125.06 ,$161.70 ,$118.53 ,$247.30 ,$201.71 ,$16.78 ,$329.15 
6/1/2021,$124.28 ,$160.93 ,$119.06 ,$247.40 ,$207.97 ,$16.26 ,$329.13 
5/28/2021,$124.61 ,$161.15 ,$117.84 ,$249.68 ,$208.41 ,$16.24 ,$328.73 
5/27/2021,$125.28 ,$161.51 ,$118.13 ,$249.31 ,$210.28 ,$15.49 ,$332.75 
5/26/2021,$126.85 ,$163.26 ,$119.02 ,$251.49 ,$206.38 ,$15.70 ,$327.66 
5/25/2021,$126.90 ,$162.95 ,$118.14 ,$251.72 ,$201.56 ,$15.65 ,$327.79 
5/24/2021,$127.10 ,$162.25 ,$118.05 ,$250.78 ,$202.15 ,$15.61 ,$324.63 
5/21/2021,$125.43 ,$160.15 ,$114.71 ,$245.17 ,$193.63 ,$14.99 ,$316.23 
5/20/2021,$127.31 ,$162.38 ,$115.35 ,$246.48 ,$195.59 ,$14.61 ,$318.61 
5/19/2021,$124.69 ,$161.59 ,$113.58 ,$243.12 ,$187.82 ,$14.07 ,$313.59 
5/18/2021,$124.85 ,$161.61 ,$113.12 ,$243.08 ,$192.62 ,$14.02 ,$309.96 
5/17/2021,$126.27 ,$163.52 ,$114.45 ,$245.18 ,$192.28 ,$14.17 ,$315.46 
5/14/2021,$127.45 ,$161.15 ,$113.92 ,$248.15 ,$196.58 ,$14.24 ,$315.94 
5/13/2021,$124.97 ,$158.07 ,$111.45 ,$243.03 ,$190.56 ,$13.67 ,$305.26 
5/12/2021,$122.77 ,$157.60 ,$110.01 ,$239.00 ,$196.63 ,$13.76 ,$302.55 
5/11/2021,$125.91 ,$161.20 ,$113.50 ,$246.23 ,$205.73 ,$14.31 ,$306.53 
5/10/2021,$126.85 ,$159.52 ,$114.59 ,$247.18 ,$209.68 ,$14.27 ,$305.97 
5/7/2021,$130.21 ,$164.58 ,$117.60 ,$252.46 ,$224.12 ,$14.81 ,$319.08 
5/6/2021,$129.74 ,$165.32 ,$116.87 ,$249.73 ,$221.18 ,$14.52 ,$320.02 
5/5/2021,$128.10 ,$163.53 ,$115.74 ,$246.47 ,$223.65 ,$14.46 ,$315.02 
5/4/2021,$127.85 ,$165.59 ,$115.34 ,$247.79 ,$224.53 ,$14.35 ,$318.36 
5/3/2021,$132.54 ,$169.32 ,$117.15 ,$251.86 ,$228.30 ,$14.84 ,$322.58 
4/30/2021,$131.46 ,$173.37 ,$117.68 ,$252.18 ,$236.48 ,$15.01 ,$325.08 
4/29/2021,$133.48 ,$173.57 ,$119.64 ,$252.51 ,$225.67 ,$15.32 ,$329.51 
4/28/2021,$133.58 ,$172.93 ,$117.95 ,$254.56 ,$231.47 ,$15.28 ,$307.10 
4/27/2021,$134.39 ,$170.87 ,$114.55 ,$261.97 ,$234.91 ,$15.38 ,$303.57 
4/26/2021,$134.72 ,$170.45 ,$115.50 ,$261.55 ,$246.07 ,$15.48 ,$303.04 
4/23/2021,$134.32 ,$167.04 ,$115.00 ,$261.15 ,$243.13 ,$15.27 ,$301.13 
4/22/2021,$131.94 ,$165.45 ,$112.63 ,$257.17 ,$239.90 ,$14.85 ,$296.52 
4/21/2021,$133.50 ,$168.10 ,$113.92 ,$260.58 ,$248.04 ,$15.36 ,$301.47 
4/20/2021,$133.11 ,$166.73 ,$113.95 ,$258.26 ,$239.66 ,$15.17 ,$302.65 
4/19/2021,$134.84 ,$168.60 ,$114.49 ,$258.74 ,$238.21 ,$15.36 ,$302.24 
4/16/2021,$134.16 ,$169.97 ,$114.14 ,$260.74 ,$246.59 ,$15.91 ,$306.18 
4/15/2021,$134.50 ,$168.95 ,$114.26 ,$259.50 ,$246.28 ,$16.14 ,$307.82 
4/14/2021,$132.03 ,$166.65 ,$112.10 ,$255.59 ,$244.08 ,$15.28 ,$302.82 
4/13/2021,$134.43 ,$170.00 ,$112.72 ,$258.49 ,$254.11 ,$15.68 ,$309.76 
4/12/2021,$131.24 ,$168.97 ,$112.23 ,$255.91 ,$233.99 ,$15.21 ,$311.54 
4/9/2021,$133.00 ,$168.61 ,$113.53 ,$255.85 ,$225.67 ,$14.40 ,$312.46 
4/8/2021,$130.36 ,$164.97 ,$112.52 ,$253.25 ,$227.93 ,$14.32 ,$313.02 
4/7/2021,$127.90 ,$163.97 ,$111.95 ,$249.90 ,$223.66 ,$14.14 ,$313.09 
4/6/2021,$126.21 ,$161.19 ,$110.46 ,$247.86 ,$230.54 ,$13.86 ,$306.26 
4/5/2021,$125.90 ,$161.34 ,$110.95 ,$249.07 ,$230.35 ,$13.99 ,$308.91 
4/1/2021,$123.00 ,$158.05 ,$106.49 ,$242.35 ,$220.58 ,$13.81 ,$298.66 
3/31/2021,$122.15 ,$154.70 ,$103.13 ,$235.77 ,$222.64 ,$13.35 ,$294.53 
3/30/2021,$119.90 ,$152.76 ,$102.32 ,$231.85 ,$211.87 ,$12.87 ,$288.00 
3/29/2021,$121.39 ,$153.79 ,$102.29 ,$235.24 ,$203.76 ,$12.95 ,$290.82 
3/26/2021,$121.21 ,$152.60 ,$101.24 ,$236.48 ,$206.24 ,$12.84 ,$283.02 
3/25/2021,$120.59 ,$152.31 ,$101.62 ,$232.34 ,$213.46 ,$12.54 ,$278.74 
3/24/2021,$120.09 ,$154.35 ,$101.63 ,$235.46 ,$210.09 ,$12.64 ,$282.14 
3/23/2021,$122.54 ,$156.88 ,$102.07 ,$237.58 ,$220.72 ,$13.07 ,$290.63 
3/22/2021,$123.39 ,$155.54 ,$101.53 ,$235.99 ,$223.33 ,$13.19 ,$293.54 
3/19/2021,$119.99 ,$153.75 ,$101.35 ,$230.35 ,$218.29 ,$12.85 ,$290.11 
3/18/2021,$120.53 ,$151.40 ,$101.07 ,$230.72 ,$217.72 ,$12.72 ,$278.62 
3/17/2021,$124.76 ,$156.79 ,$104.11 ,$237.04 ,$233.94 ,$13.34 ,$284.01 
3/16/2021,$125.57 ,$154.59 ,$104.19 ,$237.71 ,$225.63 ,$13.29 ,$279.28 
3/15/2021,$123.99 ,$154.08 ,$102.72 ,$234.81 ,$235.98 ,$13.19 ,$273.75 
3/12/2021,$121.03 ,$154.47 ,$102.50 ,$235.75 ,$231.24 ,$12.86 ,$268.40 
3/11/2021,$121.96 ,$155.68 ,$105.03 ,$237.13 ,$233.20 ,$12.99 ,$273.88 
3/10/2021,$119.98 ,$152.88 ,$101.81 ,$232.42 ,$222.69 ,$12.47 ,$264.90 
3/9/2021,$121.09 ,$153.14 ,$102.02 ,$233.78 ,$224.53 ,$12.52 ,$265.74 
3/8/2021,$116.36 ,$147.60 ,$100.38 ,$227.39 ,$187.67 ,$11.59 ,$255.31 
3/5/2021,$121.42 ,$150.02 ,$104.85 ,$231.60 ,$199.32 ,$12.46 ,$264.28 
3/4/2021,$120.13 ,$148.88 ,$101.70 ,$226.73 ,$207.15 ,$12.37 ,$257.64 
3/3/2021,$122.06 ,$150.25 ,$100.57 ,$227.56 ,$217.73 ,$12.80 ,$255.41 
3/2/2021,$125.12 ,$154.73 ,$103.22 ,$233.87 ,$228.81 ,$13.41 ,$259.00 
3/1/2021,$127.79 ,$157.31 ,$103.48 ,$236.94 ,$239.48 ,$13.84 ,$264.91 
2/26/2021,$121.26 ,$154.65 ,$101.10 ,$232.38 ,$225.17 ,$13.71 ,$257.62 
2/25/2021,$120.99 ,$152.86 ,$100.80 ,$228.99 ,$227.41 ,$13.31 ,$254.69 
2/24/2021,$125.35 ,$157.98 ,$104.19 ,$234.55 ,$247.34 ,$14.50 ,$264.31 
2/23/2021,$125.86 ,$159.73 ,$103.01 ,$233.27 ,$232.95 ,$14.14 ,$265.86 
2/22/2021,$126.00 ,$159.04 ,$102.71 ,$234.51 ,$238.17 ,$14.36 ,$260.33 
2/19/2021,$129.87 ,$162.50 ,$104.44 ,$240.97 ,$260.43 ,$14.93 ,$261.56 
2/18/2021,$129.71 ,$166.41 ,$105.29 ,$243.79 ,$262.46 ,$14.83 ,$269.39 
2/17/2021,$130.84 ,$165.43 ,$105.93 ,$244.20 ,$266.05 ,$14.91 ,$273.57 
2/16/2021,$133.19 ,$163.45 ,$105.54 ,$243.70 ,$265.41 ,$15.33 ,$273.97 
2/12/2021,$135.37 ,$163.89 ,$104.75 ,$244.99 ,$272.04 ,$14.96 ,$270.50 
2/11/2021,$135.13 ,$163.11 ,$104.44 ,$244.49 ,$270.55 ,$15.25 ,$270.39 
2/10/2021,$135.39 ,$164.33 ,$104.32 ,$242.82 ,$268.27 ,$14.76 ,$271.87 
2/9/2021,$136.01 ,$165.25 ,$103.77 ,$243.77 ,$283.15 ,$14.26 ,$269.45 
2/8/2021,$136.91 ,$166.15 ,$104.23 ,$242.47 ,$287.81 ,$14.44 ,$266.58 
2/5/2021,$136.76 ,$167.61 ,$104.44 ,$242.20 ,$284.08 ,$13.59 ,$268.10 
2/4/2021,$137.39 ,$166.55 ,$102.68 ,$242.01 ,$283.33 ,$13.66 ,$266.49 
2/3/2021,$133.94 ,$165.63 ,$102.94 ,$243.00 ,$284.90 ,$13.53 ,$266.65 
2/2/2021,$134.99 ,$169.00 ,$95.96 ,$239.51 ,$290.93 ,$13.56 ,$267.08 
2/1/2021,$134.14 ,$167.14 ,$94.65 ,$239.65 ,$279.94 ,$13.24 ,$262.01 
1/29/2021,$131.96 ,$160.31 ,$91.37 ,$231.96 ,$264.51 ,$12.99 ,$258.33 
1/28/2021,$137.09 ,$161.88 ,$92.66 ,$238.93 ,$278.48 ,$13.05 ,$265.00 
1/27/2021,$142.06 ,$161.63 ,$90.95 ,$232.90 ,$288.05 ,$12.92 ,$272.14 
1/26/2021,$143.16 ,$166.31 ,$95.40 ,$232.33 ,$294.36 ,$13.44 ,$282.05 
1/25/2021,$142.92 ,$164.70 ,$94.71 ,$229.53 ,$293.60 ,$13.65 ,$278.01 
1/22/2021,$139.07 ,$164.61 ,$94.63 ,$225.95 ,$282.21 ,$13.71 ,$274.50 
1/21/2021,$136.87 ,$165.35 ,$94.21 ,$224.97 ,$281.66 ,$13.87 ,$272.87 
1/20/2021,$132.03 ,$163.17 ,$94.00 ,$224.34 ,$283.48 ,$13.37 ,$267.48 
1/19/2021,$127.83 ,$156.04 ,$89.22 ,$216.44 ,$281.52 ,$13.03 ,$261.10 
1/15/2021,$127.14 ,$155.21 ,$86.38 ,$212.65 ,$275.39 ,$12.86 ,$251.36 
1/14/2021,$128.91 ,$156.37 ,$86.55 ,$213.02 ,$281.67 ,$13.20 ,$245.64 
1/13/2021,$130.89 ,$158.29 ,$87.36 ,$216.34 ,$284.80 ,$13.53 ,$251.64 
1/12/2021,$128.80 ,$156.04 ,$86.87 ,$214.93 ,$283.15 ,$13.48 ,$251.09 
1/11/2021,$128.98 ,$155.71 ,$87.81 ,$217.49 ,$270.40 ,$13.62 ,$256.84 
1/8/2021,$132.05 ,$159.14 ,$89.89 ,$219.62 ,$293.34 ,$13.28 ,$267.57 
1/7/2021,$130.92 ,$158.11 ,$88.72 ,$218.29 ,$272.01 ,$13.34 ,$268.74 
1/6/2021,$126.60 ,$156.92 ,$86.14 ,$212.25 ,$251.99 ,$12.61 ,$263.31 
1/5/2021,$131.01 ,$160.93 ,$87.00 ,$217.90 ,$245.04 ,$13.40 ,$270.97 
1/4/2021,$129.41 ,$159.33 ,$86.31 ,$217.69 ,$243.26 ,$13.11 ,$268.94 
12/31/2020,$132.69 ,$162.85 ,$87.63 ,$222.42 ,$235.22 ,$13.06 ,$273.16 
12/30/2020,$133.72 ,$164.29 ,$86.81 ,$221.68 ,$231.59 ,$13.15 ,$271.87 
12/29/2020,$134.87 ,$166.10 ,$87.89 ,$224.15 ,$222.00 ,$12.94 ,$276.78 
12/28/2020,$136.69 ,$164.20 ,$88.70 ,$224.96 ,$221.23 ,$12.90 ,$277.00 
12/24/2020,$131.97 ,$158.63 ,$86.71 ,$222.75 ,$220.59 ,$12.99 ,$267.40 
12/23/2020,$130.96 ,$159.26 ,$86.41 ,$221.02 ,$215.33 ,$13.01 ,$268.11 
12/22/2020,$131.88 ,$160.33 ,$86.01 ,$223.94 ,$213.45 ,$13.28 ,$267.09 
12/21/2020,$128.23 ,$160.31 ,$86.73 ,$222.59 ,$216.62 ,$13.33 ,$272.79 
12/18/2020,$126.66 ,$160.08 ,$86.31 ,$218.59 ,$231.67 ,$13.27 ,$276.40 
12/17/2020,$128.70 ,$161.80 ,$87.03 ,$219.42 ,$218.63 ,$13.34 ,$274.48 
12/16/2020,$127.81 ,$162.05 ,$87.86 ,$219.28 ,$207.59 ,$13.24 ,$275.67 
12/15/2020,$127.88 ,$158.26 ,$88.05 ,$214.13 ,$211.08 ,$13.36 ,$275.55 
12/14/2020,$121.78 ,$157.85 ,$87.61 ,$214.20 ,$213.28 ,$13.31 ,$274.19 
12/11/2020,$122.41 ,$155.82 ,$88.74 ,$213.26 ,$203.33 ,$13.01 ,$273.55 
12/10/2020,$123.24 ,$155.07 ,$88.38 ,$210.52 ,$209.02 ,$12.97 ,$277.12 
12/9/2020,$121.78 ,$155.21 ,$88.89 ,$211.80 ,$201.49 ,$12.93 ,$277.92 
12/8/2020,$124.38 ,$158.86 ,$90.57 ,$216.01 ,$216.63 ,$13.35 ,$283.40 
12/7/2020,$123.75 ,$157.90 ,$90.85 ,$214.29 ,$213.92 ,$13.61 ,$285.58 
12/4/2020,$122.25 ,$158.13 ,$91.19 ,$214.36 ,$199.68 ,$13.56 ,$279.70 
12/3/2020,$122.94 ,$159.34 ,$91.09 ,$214.24 ,$197.79 ,$13.40 ,$281.85 
12/2/2020,$123.08 ,$160.18 ,$91.25 ,$215.37 ,$189.61 ,$13.54 ,$287.52 
12/1/2020,$122.72 ,$161.00 ,$89.77 ,$216.21 ,$194.92 ,$13.39 ,$286.55 
11/30/2020,$119.05 ,$158.40 ,$87.72 ,$214.07 ,$189.20 ,$13.40 ,$276.97 
11/27/2020,$116.59 ,$159.77 ,$89.35 ,$215.23 ,$195.25 ,$13.26 ,$277.81 
11/25/2020,$116.03 ,$159.25 ,$88.21 ,$213.87 ,$191.33 ,$13.23 ,$275.59 
11/24/2020,$115.17 ,$155.90 ,$88.20 ,$213.86 ,$185.13 ,$12.96 ,$276.92 
11/23/2020,$113.85 ,$154.92 ,$86.38 ,$210.11 ,$173.95 ,$13.14 ,$268.43 
11/20/2020,$117.34 ,$154.97 ,$86.82 ,$210.39 ,$163.20 ,$13.09 ,$269.70 
11/19/2020,$118.64 ,$155.85 ,$87.93 ,$212.42 ,$166.42 ,$13.44 ,$272.94 
11/18/2020,$118.03 ,$155.27 ,$87.03 ,$211.08 ,$162.21 ,$13.43 ,$271.97 
11/17/2020,$119.39 ,$156.78 ,$88.08 ,$214.46 ,$147.20 ,$13.42 ,$275.00 
11/16/2020,$120.30 ,$156.55 ,$88.70 ,$217.23 ,$136.03 ,$13.52 ,$278.96 
11/13/2020,$119.26 ,$156.44 ,$88.61 ,$216.51 ,$136.17 ,$13.30 ,$276.95 
11/12/2020,$119.21 ,$155.51 ,$87.14 ,$215.44 ,$137.25 ,$13.46 ,$275.08 
11/11/2020,$119.49 ,$156.87 ,$87.36 ,$216.55 ,$139.04 ,$13.42 ,$276.48 
11/10/2020,$115.97 ,$151.75 ,$86.89 ,$211.01 ,$136.79 ,$12.77 ,$272.43 
11/9/2020,$116.32 ,$157.19 ,$88.07 ,$218.39 ,$140.42 ,$13.63 ,$278.77 
11/6/2020,$118.69 ,$165.57 ,$87.99 ,$223.72 ,$143.32 ,$14.56 ,$293.41 
11/5/2020,$119.03 ,$166.10 ,$88.13 ,$223.29 ,$146.03 ,$14.16 ,$294.68 
11/4/2020,$114.95 ,$162.06 ,$87.29 ,$216.39 ,$140.33 ,$13.79 ,$287.38 
11/3/2020,$110.44 ,$152.42 ,$82.28 ,$206.43 ,$141.30 ,$13.02 ,$265.30 
11/2/2020,$108.77 ,$150.22 ,$81.22 ,$202.33 ,$133.50 ,$12.58 ,$261.36 
10/30/2020,$108.86 ,$151.81 ,$80.81 ,$202.47 ,$129.35 ,$12.53 ,$263.11 
10/29/2020,$115.32 ,$160.55 ,$77.84 ,$204.72 ,$136.94 ,$13.02 ,$280.83 
10/28/2020,$111.20 ,$158.14 ,$75.54 ,$202.68 ,$135.34 ,$12.63 ,$267.67 
10/27/2020,$116.60 ,$164.32 ,$79.94 ,$213.25 ,$141.56 ,$13.40 ,$283.29 
10/26/2020,$115.05 ,$160.35 ,$79.21 ,$210.08 ,$140.09 ,$13.14 ,$277.11 
10/23/2020,$115.04 ,$160.22 ,$81.65 ,$216.23 ,$140.21 ,$13.59 ,$284.79 
10/22/2020,$115.75 ,$158.82 ,$80.33 ,$214.89 ,$141.93 ,$13.36 ,$278.12 
10/21/2020,$116.87 ,$159.25 ,$79.30 ,$214.80 ,$140.88 ,$13.52 ,$278.73 
10/20/2020,$117.51 ,$160.85 ,$77.55 ,$214.65 ,$140.65 ,$13.65 ,$267.56 
10/19/2020,$115.98 ,$160.36 ,$76.50 ,$214.22 ,$143.61 ,$13.50 ,$261.40 
10/16/2020,$119.02 ,$163.64 ,$78.39 ,$219.66 ,$146.56 ,$13.81 ,$265.93 
10/15/2020,$120.71 ,$166.93 ,$77.77 ,$219.66 ,$149.63 ,$13.97 ,$266.72 
10/14/2020,$121.19 ,$168.19 ,$78.17 ,$220.86 ,$153.77 ,$14.10 ,$271.82 
10/13/2020,$121.10 ,$172.18 ,$78.35 ,$222.86 ,$148.88 ,$14.25 ,$276.14 
10/12/2020,$124.40 ,$172.15 ,$78.23 ,$221.40 ,$147.43 ,$14.23 ,$275.75 
10/9/2020,$116.97 ,$164.33 ,$75.52 ,$215.81 ,$144.67 ,$13.76 ,$264.45 
10/8/2020,$114.97 ,$159.53 ,$74.17 ,$210.58 ,$141.97 ,$13.84 ,$263.76 
10/7/2020,$115.08 ,$159.78 ,$72.96 ,$209.83 ,$141.77 ,$13.96 ,$258.12 
10/6/2020,$113.16 ,$155.00 ,$72.55 ,$205.91 ,$137.99 ,$13.74 ,$258.66 
10/5/2020,$116.50 ,$159.96 ,$74.14 ,$210.38 ,$141.89 ,$13.64 ,$264.65 
10/2/2020,$113.02 ,$156.25 ,$72.78 ,$206.19 ,$138.36 ,$13.06 ,$259.94 
10/1/2020,$116.79 ,$161.06 ,$74.40 ,$212.46 ,$149.39 ,$13.61 ,$266.63 
9/30/2020,$115.81 ,$157.44 ,$73.28 ,$210.33 ,$143.00 ,$13.53 ,$261.90 
9/29/2020,$114.09 ,$157.24 ,$73.30 ,$207.26 ,$139.69 ,$13.23 ,$261.79 
9/28/2020,$114.96 ,$158.70 ,$72.93 ,$209.44 ,$140.40 ,$13.04 ,$256.82 
9/25/2020,$112.28 ,$154.76 ,$71.95 ,$207.82 ,$135.78 ,$12.87 ,$254.82 
9/24/2020,$108.22 ,$150.99 ,$71.14 ,$203.19 ,$129.26 ,$12.35 ,$249.53 
9/23/2020,$107.12 ,$149.99 ,$70.47 ,$200.59 ,$126.79 ,$12.12 ,$249.02 
9/22/2020,$111.81 ,$156.45 ,$72.99 ,$207.42 ,$141.41 ,$12.64 ,$254.75 
9/21/2020,$110.08 ,$148.02 ,$71.51 ,$202.54 ,$149.80 ,$12.52 ,$248.15 
9/18/2020,$106.84 ,$147.75 ,$72.55 ,$200.39 ,$147.38 ,$12.19 ,$252.53 
9/17/2020,$110.34 ,$150.44 ,$74.35 ,$202.91 ,$141.14 ,$12.46 ,$254.82 
9/16/2020,$112.13 ,$153.91 ,$75.60 ,$205.05 ,$147.25 ,$12.51 ,$263.52 
9/15/2020,$115.54 ,$157.81 ,$76.76 ,$208.78 ,$149.92 ,$12.99 ,$272.42 
9/14/2020,$115.36 ,$155.15 ,$75.44 ,$205.41 ,$139.87 ,$12.87 ,$266.15 
9/11/2020,$112.00 ,$155.81 ,$75.79 ,$204.03 ,$124.24 ,$12.16 ,$266.61 
9/10/2020,$113.49 ,$158.76 ,$76.30 ,$205.37 ,$123.78 ,$12.31 ,$268.09 
9/9/2020,$117.32 ,$163.43 ,$77.36 ,$211.29 ,$122.09 ,$12.72 ,$273.72 
9/8/2020,$112.82 ,$157.49 ,$76.18 ,$202.66 ,$110.07 ,$11.91 ,$271.16 
9/4/2020,$120.96 ,$164.73 ,$79.06 ,$214.25 ,$139.44 ,$12.62 ,$282.73 
9/3/2020,$120.88 ,$168.40 ,$81.48 ,$217.30 ,$135.67 ,$13.02 ,$291.12 
9/2/2020,$131.40 ,$176.57 ,$85.87 ,$231.65 ,$149.12 ,$14.35 ,$302.50 
9/1/2020,$134.18 ,$174.96 ,$82.75 ,$227.27 ,$158.35 ,$13.82 ,$295.44 
8/31/2020,$129.04 ,$172.55 ,$81.48 ,$225.53 ,$166.11 ,$13.37 ,$293.20 
8/28/2020,$124.81 ,$170.09 ,$81.97 ,$228.91 ,$147.56 ,$13.15 ,$293.66 
8/27/2020,$125.01 ,$170.00 ,$81.43 ,$226.58 ,$149.25 ,$12.63 ,$293.22 
8/26/2020,$126.52 ,$172.09 ,$82.21 ,$221.15 ,$143.54 ,$12.77 ,$303.91 
8/25/2020,$124.83 ,$167.32 ,$80.29 ,$216.47 ,$134.89 ,$12.75 ,$280.82 
8/24/2020,$125.86 ,$165.37 ,$79.26 ,$213.69 ,$134.28 ,$12.72 ,$271.39 
8/21/2020,$124.37 ,$164.24 ,$78.78 ,$213.02 ,$136.67 ,$12.68 ,$267.01 
8/20/2020,$118.28 ,$164.87 ,$78.81 ,$214.58 ,$133.46 ,$12.14 ,$269.01 
8/19/2020,$115.71 ,$163.02 ,$77.23 ,$209.70 ,$125.24 ,$12.14 ,$262.59 
8/18/2020,$115.56 ,$165.62 ,$77.79 ,$211.49 ,$125.81 ,$12.26 ,$262.34 
8/17/2020,$114.61 ,$159.12 ,$75.81 ,$210.28 ,$122.38 ,$12.34 ,$261.16 
8/14/2020,$114.91 ,$157.40 ,$75.23 ,$208.90 ,$110.05 ,$11.56 ,$261.24 
8/13/2020,$115.01 ,$158.05 ,$75.83 ,$208.70 ,$108.07 ,$11.44 ,$261.30 
8/12/2020,$113.01 ,$158.11 ,$75.36 ,$209.19 ,$103.65 ,$11.44 ,$259.89 
8/11/2020,$109.38 ,$154.03 ,$74.03 ,$203.38 ,$91.63 ,$10.85 ,$256.13 
8/10/2020,$112.73 ,$157.41 ,$74.84 ,$208.25 ,$94.57 ,$11.17 ,$263.00 
8/7/2020,$111.11 ,$158.37 ,$74.92 ,$212.48 ,$96.85 ,$11.20 ,$268.44 
8/6/2020,$113.90 ,$161.25 ,$75.25 ,$216.35 ,$99.31 ,$11.34 ,$265.28 
8/5/2020,$110.06 ,$160.25 ,$73.95 ,$212.94 ,$99.00 ,$11.29 ,$249.12 
8/4/2020,$109.67 ,$156.94 ,$73.67 ,$213.29 ,$99.13 ,$11.23 ,$249.83 
8/3/2020,$108.94 ,$155.59 ,$74.14 ,$216.54 ,$99.00 ,$11.01 ,$251.96 
7/31/2020,$106.26 ,$158.23 ,$74.40 ,$205.01 ,$95.38 ,$10.61 ,$253.67 
7/30/2020,$96.19 ,$152.59 ,$76.92 ,$203.90 ,$99.17 ,$10.61 ,$234.50 
7/29/2020,$95.04 ,$151.68 ,$76.18 ,$204.06 ,$99.94 ,$10.47 ,$233.29 
7/28/2020,$93.25 ,$150.02 ,$75.18 ,$202.02 ,$98.43 ,$10.22 ,$230.12 
7/27/2020,$94.81 ,$152.76 ,$76.47 ,$203.85 ,$102.64 ,$10.42 ,$233.50 
7/24/2020,$92.62 ,$150.45 ,$75.41 ,$201.30 ,$94.47 ,$10.19 ,$230.71 
7/23/2020,$92.85 ,$149.33 ,$75.84 ,$202.54 ,$100.87 ,$10.13 ,$232.60 
7/22/2020,$97.27 ,$155.00 ,$78.24 ,$211.75 ,$106.16 ,$10.44 ,$239.87 
7/21/2020,$97.00 ,$156.91 ,$77.80 ,$208.75 ,$104.56 ,$10.33 ,$241.75 
7/20/2020,$98.36 ,$159.84 ,$78.19 ,$211.60 ,$109.53 ,$10.51 ,$245.42 
7/17/2020,$96.33 ,$148.10 ,$75.84 ,$202.88 ,$100.06 ,$10.20 ,$242.03 
7/16/2020,$96.52 ,$150.00 ,$75.75 ,$203.92 ,$100.04 ,$10.13 ,$240.93 
7/15/2020,$97.73 ,$150.44 ,$75.84 ,$208.04 ,$103.07 ,$10.23 ,$240.28 
7/14/2020,$97.06 ,$154.20 ,$76.04 ,$208.35 ,$101.12 ,$10.38 ,$239.73 
7/13/2020,$95.48 ,$155.20 ,$75.61 ,$207.07 ,$99.80 ,$10.05 ,$239.00 
7/10/2020,$95.92 ,$160.00 ,$76.95 ,$213.67 ,$102.98 ,$10.48 ,$245.07 
7/9/2020,$95.68 ,$159.13 ,$75.93 ,$214.32 ,$92.95 ,$10.51 ,$244.50 
7/8/2020,$95.34 ,$154.06 ,$75.18 ,$212.83 ,$91.06 ,$10.22 ,$243.58 
7/7/2020,$93.17 ,$150.01 ,$74.50 ,$208.25 ,$92.66 ,$9.87 ,$240.86 
7/6/2020,$93.46 ,$152.85 ,$74.98 ,$210.70 ,$91.44 ,$9.84 ,$240.28 
7/2/2020,$91.03 ,$144.52 ,$73.50 ,$206.26 ,$80.58 ,$9.61 ,$233.42 
7/1/2020,$91.03 ,$143.94 ,$72.10 ,$204.70 ,$74.64 ,$9.53 ,$237.55 
6/30/2020,$91.20 ,$137.94 ,$70.90 ,$203.51 ,$71.99 ,$9.50 ,$227.07 
6/29/2020,$90.45 ,$134.02 ,$69.86 ,$198.44 ,$67.29 ,$9.20 ,$220.64 
6/26/2020,$88.41 ,$134.64 ,$68.13 ,$196.33 ,$63.98 ,$9.16 ,$216.08 
6/25/2020,$91.21 ,$137.73 ,$72.06 ,$200.34 ,$65.73 ,$9.49 ,$235.68 
6/24/2020,$90.02 ,$136.72 ,$71.64 ,$197.84 ,$64.06 ,$9.24 ,$234.02 
6/23/2020,$91.63 ,$138.22 ,$73.20 ,$201.91 ,$66.79 ,$9.45 ,$242.24 
6/22/2020,$89.72 ,$135.69 ,$72.53 ,$200.57 ,$66.29 ,$9.53 ,$239.22 
6/19/2020,$87.43 ,$133.75 ,$71.23 ,$195.15 ,$66.73 ,$9.26 ,$238.79 
6/18/2020,$87.93 ,$132.70 ,$71.71 ,$196.32 ,$66.93 ,$9.22 ,$235.94 
6/17/2020,$87.90 ,$132.05 ,$72.63 ,$194.24 ,$66.12 ,$9.24 ,$235.53 
6/16/2020,$88.02 ,$130.76 ,$72.32 ,$193.57 ,$65.48 ,$9.07 ,$235.65 
6/15/2020,$85.75 ,$128.63 ,$71.04 ,$188.94 ,$66.06 ,$9.17 ,$232.50 
6/12/2020,$84.70 ,$127.25 ,$70.65 ,$187.74 ,$62.35 ,$8.93 ,$228.58 
6/11/2020,$83.98 ,$127.90 ,$70.10 ,$186.27 ,$64.86 ,$8.80 ,$224.43 
6/10/2020,$88.21 ,$132.37 ,$73.24 ,$196.84 ,$68.34 ,$9.37 ,$236.73 
6/9/2020,$86.00 ,$130.04 ,$72.60 ,$189.80 ,$62.71 ,$9.05 ,$238.67 
6/8/2020,$83.37 ,$126.20 ,$72.40 ,$188.36 ,$63.33 ,$8.81 ,$231.40 
6/5/2020,$82.88 ,$124.15 ,$72.00 ,$187.20 ,$59.04 ,$8.92 ,$230.77 
6/4/2020,$80.58 ,$123.03 ,$70.72 ,$182.92 ,$57.63 ,$8.77 ,$226.29 
6/3/2020,$81.28 ,$123.92 ,$71.96 ,$185.36 ,$58.86 ,$8.77 ,$230.16 
