Date,cumulative_return
2020-06-04,0.9987553844076865
2020-06-05,1.0167060204805685
2020-06-08,1.0084404396088185
2020-06-09,1.0346990985596396
2020-06-10,1.072937268790957
2020-06-11,1.0087847439123523
2020-06-12,1.0212933006857188
2020-06-15,1.0492643398315906
2020-06-16,1.039917534230505
2020-06-17,1.0579787721536669
2020-06-18,1.0564108612618601
2020-06-19,1.0601537570257433
2020-06-22,1.0894473391919601
2020-06-23,1.0826265571639808
2020-06-24,1.0580500453471395
2020-06-25,1.0858865354065683
2020-06-26,1.0486934493599283
2020-06-29,1.0561877361857528
2020-06-30,1.090824303267069
2020-07-01,1.095399358374727
2020-07-02,1.107120949612155
2020-07-06,1.1384917681484543
2020-07-07,1.142054328119759
2020-07-08,1.1795256600565625
2020-07-09,1.2111504060341944
2020-07-10,1.2131827311877017
2020-07-13,1.1661443111277954
2020-07-14,1.2025832312033196
2020-07-15,1.1880803090358454
2020-07-16,1.1754118293740268
2020-07-17,1.1826961236675861
2020-07-20,1.2209969886755867
2020-07-21,1.198966148587164
2020-07-22,1.2114646727478902
2020-07-23,1.173576693916961
2020-07-24,1.176893161492654
2020-07-27,1.2064130399765285
2020-07-28,1.1824146865950114
2020-07-29,1.2106050642992476
2020-07-30,1.2257330649265912
2020-07-31,1.2305084119282048
2020-08-03,1.2761239732835616
2020-08-04,1.2998389756714621
2020-08-05,1.3063323007626353
2020-08-06,1.3140917495693019
2020-08-07,1.2964225785331582
2020-08-10,1.2930569658676756
2020-08-11,1.2558211548048188
2020-08-12,1.3264537226364022
2020-08-13,1.3298310453635624
2020-08-14,1.3434065632951708
2020-08-17,1.4315280067525444
2020-08-18,1.4252301288946825
2020-08-19,1.412377799237103
2020-08-20,1.4175487283859938
2020-08-21,1.4799986453968939
2020-08-24,1.4841624821180512
2020-08-25,1.4869856543464077
2020-08-26,1.4938060337180876
2020-08-27,1.4802684725105246
2020-08-28,1.5349821962472703
2020-08-31,1.5684427871111088
2020-09-01,1.616883199168696
2020-09-02,1.6679903063023773
2020-09-03,1.5146344684699915
2020-09-04,1.4739444713098349
2020-09-08,1.3814408536134128
2020-09-09,1.47558918673361
2020-09-10,1.4306091224534625
2020-09-11,1.4139821048186998
2020-09-14,1.4981491202318118
2020-09-15,1.5151226936953546
2020-09-16,1.4608289889309178
2020-09-17,1.451988882289232
2020-09-18,1.4234543945313791
2020-09-21,1.461643852382915
2020-09-22,1.4724271743076727
2020-09-23,1.408268566916862
2020-09-24,1.4343919732718058
2020-09-25,1.494909696294347
2020-09-28,1.516668815913773
2020-09-29,1.535902545325961
2020-09-30,1.5701922730035855
2020-10-01,1.5820218214570776
2020-10-02,1.516716778839193
2020-10-05,1.5819144656455855
2020-10-06,1.588476387941932
2020-10-07,1.6146832504619182
2020-10-08,1.6020567424351415
2020-10-09,1.596226206228656
2020-10-12,1.6522252313671413
2020-10-13,1.6527176717198697
2020-10-14,1.6390304964173457
2020-10-15,1.6232452336204253
2020-10-16,1.6038765430776791
2020-10-19,1.5677621647424818
2020-10-20,1.5834372085400708
2020-10-21,1.5693669350915367
2020-10-22,1.5521391077984186
2020-10-23,1.5752526266562252
2020-10-26,1.527725224226946
2020-10-27,1.5569140499458056
2020-10-28,1.4691485994408027
2020-10-29,1.513902685113521
2020-10-30,1.4544662656513307
2020-11-02,1.4614817916956642
2020-11-03,1.5124465674532037
2020-11-04,1.596636356451352
2020-11-05,1.6410307541278903
2020-11-06,1.681819147825588
2020-11-09,1.5810005750113287
2020-11-10,1.488377399105506
2020-11-11,1.5605982720068492
2020-11-12,1.5638729560702418
2020-11-13,1.5465109216515378
2020-11-16,1.5704280197478826
2020-11-17,1.564202327092005
2020-11-18,1.5704813838492644
2020-11-19,1.573528632670042
2020-11-20,1.5341725142110783
2020-11-23,1.5410531592053962
2020-11-24,1.5265590267881866
2020-11-25,1.558059383254939
2020-11-27,1.5628879478535644
2020-11-30,1.577737517550675
2020-12-01,1.5809917331153576
2020-12-02,1.5956963200107277
2020-12-03,1.5832301367289436
2020-12-04,1.6005650946418921
2020-12-07,1.611331574845458
2020-12-08,1.5845151172102319
2020-12-09,1.5331818800581027
2020-12-10,1.540643962754352
2020-12-11,1.5428253621967156
2020-12-14,1.5777061524221163
2020-12-15,1.5865257259494596
2020-12-16,1.5725007109644276
2020-12-17,1.5870881829916428
2020-12-18,1.5818565327444263
2020-12-21,1.5854221173012875
2020-12-22,1.5814294912655347
2020-12-23,1.5521306211926655
2020-12-24,1.552029428193355
2020-12-28,1.5452585075610192
2020-12-29,1.5487726231909205
2020-12-30,1.5735480244437468
2020-12-31,1.564071308652373
2021-01-04,1.569595959952507
2021-01-05,1.6026382969643798
2021-01-06,1.5156109288859654
2021-01-07,1.602760377956669
2021-01-08,1.6017381740908556
2021-01-11,1.6323453808412618
2021-01-12,1.6199132231351792
2021-01-13,1.627092838943282
2021-01-14,1.589018128596269
2021-01-15,1.5492797227549395
2021-01-19,1.569679791145738
2021-01-20,1.6100280772552362
2021-01-21,1.6674658068332466
2021-01-22,1.6514542753582022
2021-01-25,1.6497801187556553
2021-01-26,1.6269813608627632
2021-01-27,1.5676970194635815
2021-01-28,1.5772435757774173
2021-01-29,1.564576172978358
2021-02-01,1.596819659124131
2021-02-02,1.634880406286462
2021-02-03,1.6296335814774148
2021-02-04,1.6456931730361584
2021-02-05,1.6377969757577797
2021-02-08,1.731966052676321
2021-02-09,1.710651331219595
2021-02-10,1.7613974326362178
2021-02-11,1.8150297429192903
2021-02-12,1.7841594026649157
2021-02-16,1.8211849026013591
2021-02-17,1.774286454504797
2021-02-18,1.7639146945059292
2021-02-19,1.7743292558327761
2021-02-22,1.704124757992966
2021-02-23,1.6788257762204875
2021-02-24,1.721372525325177
2021-02-25,1.5843713163937143
2021-02-26,1.6272967289867784
2021-03-01,1.649809257216771
2021-03-02,1.598555844937188
2021-03-03,1.527382572508932
2021-03-04,1.4765833232151688
2021-03-05,1.4850301057677768
2021-03-08,1.3841318032347316
2021-03-09,1.498569068094361
2021-03-10,1.4919450770828677
2021-03-11,1.552547952642236
2021-03-12,1.5372957191239944
2021-03-15,1.5763442575057318
2021-03-16,1.5855952655216963
2021-03-17,1.592746243162117
2021-03-18,1.5183472796122643
2021-03-19,1.5322774510642507
2021-03-22,1.572769028676891
2021-03-23,1.5584818210022404
2021-03-24,1.5073246882127798
2021-03-25,1.4977201851058912
2021-03-26,1.5287846482937408
2021-03-29,1.5401167894410421
2021-03-30,1.532843375807824
2021-03-31,1.589354356959589
2021-04-01,1.6392085362820559
2021-04-05,1.6634292936488464
2021-04-06,1.6496210544651402
2021-04-07,1.6791975236216108
2021-04-08,1.701543758176778
2021-04-09,1.711314437516093
2021-04-12,1.8002072726196114
2021-04-13,1.859038512221625
2021-04-14,1.811345897461388
2021-04-15,1.9065142538879123
2021-04-16,1.8816277293786532
2021-04-19,1.8204454556062746
2021-04-20,1.7991755383259274
2021-04-21,1.8223770797069925
2021-04-22,1.763905054981438
2021-04-23,1.8118624795555427
2021-04-26,1.8356639793322294
2021-04-27,1.8214385982347936
2021-04-28,1.8090699480997803
2021-04-29,1.811569130295821
2021-04-30,1.780130410583308
2021-05-03,1.7601597594605667
2021-05-04,1.7029445483521934
2021-05-05,1.7147418155720457
2021-05-06,1.721615868184976
2021-05-07,1.754116183843549
2021-05-10,1.6892300906457633
2021-05-11,1.6916757613224944
2021-05-12,1.627449772462884
2021-05-13,1.617323145398228
2021-05-14,1.682321443735982
2021-05-17,1.672580548741221
2021-05-18,1.6556127407217678
2021-05-19,1.6592930338623462
2021-05-20,1.7216898111336747
2021-05-21,1.760487953134868
2021-05-24,1.8309516677832247
2021-05-25,1.8348695619417115
2021-05-26,1.8418556019186632
2021-05-27,1.8195985247443367
2021-05-28,1.8986782368332211
2021-06-01,1.9003950357673727
2021-06-02,1.9541319751224044
2021-06-03,1.9690500590119608
2021-06-04,2.038861101345578
2021-06-07,2.043889144842711
2021-06-08,2.0274941687075274
2021-06-09,2.0166194867583624
2021-06-10,2.0246606535348604
2021-06-11,2.0679507346186603
2021-06-14,2.091632129269888
2021-06-15,2.064253783500277
2021-06-16,2.0675093021474957
2021-06-17,2.1602098904968834
2021-06-18,2.1578899959858338
2021-06-21,2.1369876835281687
2021-06-22,2.187313480294204
2021-06-23,2.209430883043976
2021-06-24,2.228021199910239
2021-06-25,2.207758455396391
2021-06-28,2.3126890494482426
2021-06-29,2.3172385032479523
2021-06-30,2.3144904997646623
2021-07-01,2.3366459493714156
2021-07-02,2.3685934089103764
2021-07-06,2.389887288600911
2021-07-07,2.355322863925694
2021-07-08,2.305887727470797
2021-07-09,2.323814779258877
2021-07-12,2.3757589894585522
2021-07-13,2.3470183264810727
2021-07-14,2.304610589745267
2021-07-15,2.211710391469416
2021-07-16,2.1233119224280412
2021-07-19,2.18662835352039
2021-07-20,2.173377746658048
2021-07-21,2.2571951009861304
2021-07-22,2.276565391282263
2021-07-23,2.2739979479929175
2021-07-26,2.2476969498125015
2021-07-27,2.23580801288197
2021-07-28,2.2654278409054838
2021-07-29,2.2869637409377357
2021-07-30,2.271478899887615
2021-08-02,2.3005722324861386
2021-08-03,2.3094930669771636
2021-08-04,2.3570428937902443
2021-08-05,2.3967731818141838
2021-08-06,2.3654601640129997
2021-08-09,2.3599270374847
2021-08-10,2.320943507923825
2021-08-11,2.2954547430550165
2021-08-12,2.321971985943411
2021-08-13,2.351239167414267
2021-08-16,2.3235197397849827
2021-08-17,2.2681731495080832
2021-08-18,2.223695048356459
2021-08-19,2.3028358663735053
2021-08-20,2.4129170412161707
2021-08-23,2.53800599069201
2021-08-24,2.5203448311402825
2021-08-25,2.5638529383754927
2021-08-26,2.54702237312523
2021-08-27,2.609346022818784
2021-08-30,2.6213347261840996
2021-08-31,2.589314621571075
2021-09-01,2.5949534660828064
2021-09-02,2.5915044164117287
2021-09-03,2.6385644975623963
2021-09-07,2.624404995668186
2021-09-08,2.5894400174113135
2021-09-09,2.57179859808826
2021-09-10,2.596665608312248
2021-09-13,2.5633991667311697
2021-09-14,2.5718194709177595
2021-09-15,2.5846618333584606
2021-09-16,2.574070299958028
2021-09-17,2.53615294290488
2021-09-20,2.446332671849228
2021-09-21,2.462717389040688
2021-09-22,2.5392502178187764
2021-09-23,2.597234996358047
2021-09-24,2.557997347610305
2021-09-27,2.5144767344818373
2021-09-28,2.4082743547608203
2021-09-29,2.390457557022472
2021-09-30,2.409838071141546
2021-10-01,2.41293056323953
2021-10-04,2.303674997804228
2021-10-05,2.381768655679015
2021-10-06,2.4092974186468012
2021-10-07,2.4519659189986447
2021-10-08,2.4241870967664925
2021-10-11,2.411101572940587
2021-10-12,2.408407348773704
2021-10-13,2.437139173806213
2021-10-14,2.5263186446230277
2021-10-15,2.541855698033528
2021-10-18,2.5846394107918567
2021-10-19,2.5933810499245076
2021-10-20,2.5738808402066184
2021-10-21,2.639849511746896
2021-10-22,2.64515183063312
2021-10-25,2.704590730910848
2021-10-26,2.8692753796737525
2021-10-27,2.842386092556154
2021-10-28,2.9020062094239223
2021-10-29,2.969866111750571
2021-11-01,3.0061958246802223
2021-11-02,3.0641846772315415
2021-11-03,3.0910608110765527
2021-11-04,3.430584210321836
2021-11-05,3.424877577242272
2021-11-08,3.5275701261664834
2021-11-09,3.497159999559707
2021-11-10,3.374961720142502
2021-11-11,3.4713501621210483
2021-11-12,3.4701252718134703
2021-11-15,3.430133926611176
2021-11-16,3.454360984343704
2021-11-17,3.3637163807661024
2021-11-18,3.6227629072741117
2021-11-19,3.767451037555754
2021-11-22,3.663461616432443
2021-11-23,3.636182683716733
2021-11-24,3.7335854941135564
2021-11-26,3.6014239031638176
2021-11-29,3.808173453575734
2021-11-30,3.7426388650830837
2021-12-01,3.6064959822435316
2021-12-02,3.6760966542558524
2021-12-03,3.5148373065751097
2021-12-06,3.4501535904617926
2021-12-07,3.711913536856944
2021-12-08,3.6560672329692427
2021-12-09,3.5068327229941287
2021-12-10,3.4832806056644787
2021-12-13,3.2587353377354225
2021-12-14,3.2753307292511753
2021-12-15,3.5054531464237906
2021-12-16,3.27476541193929
2021-12-17,3.2124919106268854
2021-12-20,3.1984173461286973
2021-12-21,3.34966373101006
2021-12-22,3.3954991888422272
2021-12-23,3.428887405674019
2021-12-27,3.5742073504512373
2021-12-28,3.5062320971080507
2021-12-29,3.4723537294134124
2021-12-30,3.4260372600036155
2021-12-31,3.404776226222031
2022-01-03,3.501674548331906
2022-01-04,3.405926785547459
2022-01-05,3.2153902982469846
2022-01-06,3.2714879799228225
2022-01-07,3.1689131245757625
2022-01-10,3.1885082715354884
2022-01-11,3.236468555946319
2022-01-12,3.2608452142347315
2022-01-13,3.0986647720897804
2022-01-14,3.1397660598451913
2022-01-18,3.0241907891941975
2022-01-19,2.9287775513017005
2022-01-20,2.8294569973985837
2022-01-21,2.738697616831675
2022-01-24,2.7364657495527935
2022-01-25,2.621635006724967
2022-01-26,2.671761510723547
2022-01-27,2.570838266036775
2022-01-28,2.678087425535927
2022-01-31,2.868781626263758
2022-02-01,2.8839911150279782
2022-02-02,2.9459146185452156
2022-02-03,2.8045146710467797
2022-02-04,2.8474219191722128
2022-02-07,2.8886102147789385
2022-02-08,2.9335408574236155
2022-02-09,3.1061728409592466
2022-02-10,3.0046819577121275
2022-02-11,2.7977846835590783
2022-02-14,2.8339873393750534
2022-02-15,3.0801977945838925
2022-02-16,3.0811598604606427
2022-02-17,2.860163110885683
2022-02-18,2.763942214672983
2022-02-22,2.7304150449888995
2022-02-23,2.6131876569926864
2022-02-24,2.7647419734552834
2022-02-25,2.811236980550432
2022-02-28,2.8439131430516835
2022-03-01,2.7448662880831276
2022-03-02,2.828408454703903
2022-03-03,2.7688859596066355
2022-03-04,2.684291424453344
2022-03-07,2.507512971710817
2022-03-08,2.5254945117918783
2022-03-09,2.694413939780942
2022-03-10,2.650859294959181
2022-03-11,2.582757401298781
2022-03-14,2.493707427174548
2022-03-15,2.676480627209091
2022-03-16,2.8476670948644482
2022-03-17,2.8812609660929884
2022-03-18,3.0665382856203043
2022-03-21,3.0994814782429043
2022-03-22,3.090039889942037
2022-03-23,2.9975567931531266
2022-03-24,3.2710398607737026
2022-03-25,3.2226020495411842
2022-03-28,3.2895379165745564
2022-03-29,3.3403462279082308
2022-03-30,3.235641455588452
2022-03-31,3.1882827566639
2022-04-01,3.127113015389716
2022-04-04,3.2069307871156143
2022-04-05,3.045402709321354
2022-04-06,2.875135466955794
2022-04-07,2.85517127170769
2022-04-08,2.733112193443592
2022-04-11,2.5953266207935424
2022-04-12,2.5527166635646954
2022-04-13,2.634034881565726
2022-04-14,2.52475655151803
2022-04-18,2.5826997748463065
2022-04-19,2.6322660225138232
2022-04-20,2.5493987930095563
2022-04-21,2.4114787024287616
2022-04-22,2.335903194434856
2022-04-25,2.37747502626236
2022-04-26,2.2410735693612236
2022-04-27,2.2012345090568854
2022-04-28,2.3538896746003717
2022-04-29,2.215531464951498
2022-05-02,2.3254525251741383
2022-05-03,2.334810389557149
2022-05-04,2.4231597011128683
2022-05-05,2.2468150163315608
2022-05-06,2.2290660677877288
2022-05-09,2.0295762569867484
2022-05-10,2.1033836935052697
2022-05-11,1.9855943418256095
2022-05-12,1.9333233285626255
2022-05-13,2.107151178795389
2022-05-16,2.0525010214761648
2022-05-17,2.158821366328417
2022-05-18,2.012894047717234
2022-05-19,2.029779904562124
2022-05-20,1.978547038953402
2022-05-23,2.006538275229616
2022-05-24,1.9181595588997766
2022-05-25,2.0116059244956097
2022-05-26,2.1135649136260453
2022-05-27,2.2274133163956114
2022-05-31,2.211556060541421
2022-06-01,2.1717115138388223
2022-06-02,2.3145336500061946
2022-06-03,2.208189669510672
2022-06-06,2.217658698297012
2022-06-07,2.2349168856403425
2022-06-08,2.205318293847455
2022-06-09,2.1359122311792627
2022-06-10,2.0127841360537877
2022-06-13,1.8608197468813181
2022-06-14,1.8837288344268721
2022-06-15,1.9643370921742913
2022-06-16,1.8532921182073592
2022-06-17,1.8858918980161388
2022-06-21,1.9704349110621202
2022-06-22,1.947012241120516
2022-06-23,1.9347576753980773
2022-06-24,2.038220443620686
2022-06-27,2.009806877227262
2022-06-28,1.9063507707298992
2022-06-29,1.8585271274885142
2022-06-30,1.814182515063112
2022-07-01,1.7468328179070618
2022-07-05,1.7984309571172712
2022-07-06,1.8175227677617078
2022-07-07,1.9034481670985517
2022-07-08,1.9035840753570084
2022-07-11,1.8218686125467864
2022-07-12,1.814464199320677
2022-07-13,1.824178861234913
2022-07-14,1.8494720127630713
2022-07-15,1.8938021380560877
2022-07-18,1.92913614445072
2022-07-19,2.030390535559728
2022-07-20,2.1216278818480414
2022-07-21,2.1572724840470126
2022-07-22,2.07711538303298
2022-07-25,2.042459422997755
2022-07-26,1.9852085059162263
2022-07-27,2.1311473732989903
2022-07-28,2.1540694545639014
2022-07-29,2.1821100805569285
2022-08-01,2.2120860512967693
2022-08-02,2.221808194646937
2022-08-03,2.26739184154414
2022-08-04,2.3035746082346167
2022-08-05,2.2722831206050746
2022-08-08,2.141916733000381
2022-08-09,2.0632187294766777
2022-08-10,2.1800739967166556
2022-08-11,2.159835262182516
2022-08-12,2.2504759497128264
2022-08-15,2.288923147796586
2022-08-16,2.2716058661161926
2022-08-17,2.21275461208725
2022-08-18,2.2594059355259475
2022-08-19,2.1550681823402478
2022-08-22,2.0605158322734702
2022-08-23,2.078609622009433
2022-08-24,2.083381464477712
2022-08-25,2.1606904805559095
2022-08-26,1.9730717010969623
2022-08-29,1.9200139683507222
2022-08-30,1.880158015216773
2022-08-31,1.836547829958872
2022-09-01,1.7099782765773612
2022-09-02,1.6747542952090793
2022-09-06,1.654948255679428
2022-09-07,1.6847266103108767
2022-09-08,1.7164868102791526
2022-09-09,1.7651968236694506
2022-09-12,1.7831534998651475
2022-09-13,1.6206438996486967
2022-09-14,1.623672350150537
2022-09-15,1.5998182431381092
2022-09-16,1.6292494320634785
2022-09-19,1.6527490860584466
2022-09-20,1.6315169356607988
2022-09-21,1.6372263072599238
2022-09-22,1.5554586138247573
2022-09-23,1.5469964160008094
2022-09-26,1.514703201724771
2022-09-27,1.5369686461837977
2022-09-28,1.5741937902131367
2022-09-29,1.5076201919702739
2022-09-30,1.4956751057151068
2022-10-03,1.534576024722499
2022-10-04,1.6120040412109666
2022-10-05,1.6144867470078186
2022-10-06,1.6043474188473215
2022-10-07,1.4806360219529693
2022-10-10,1.4350403492794253
2022-10-11,1.4237327539507758
2022-10-12,1.4135196376630303
2022-10-13,1.4685448689265461
2022-10-14,1.3802628619438866
2022-10-17,1.4598838740045126
2022-10-18,1.4697443845935592
2022-10-19,1.4792185701151357
2022-10-20,1.4908357618621342
2022-10-21,1.5260553778302643
2022-10-24,1.5408227290111
2022-10-25,1.618952618913801
2022-10-26,1.5779339192472184
2022-10-27,1.6067698774551595
2022-10-28,1.6860666348345705
2022-10-31,1.6478338427871346
2022-11-01,1.6508749541301946
2022-11-02,1.6086253036810643
2022-11-03,1.627378101178268
2022-11-04,1.7064881596658292
2022-11-07,1.7189032645542957
2022-11-08,1.7501599699871953
2022-11-09,1.652880916838945
2022-11-10,1.8802195836915108
2022-11-11,1.9470957250294076
2022-11-14,1.9409757646959753
2022-11-15,1.9836197172278331
2022-11-16,1.897507209613201
2022-11-17,1.87233445979773
2022-11-18,1.8421774957183374
2022-11-21,1.825495126538241
2022-11-22,1.9058184451177724
2022-11-23,1.964044353762084
2022-11-25,1.934875578225025
2022-11-28,1.8846625645007737
2022-11-29,1.861200315744266
2022-11-30,2.0099847478812163
2022-12-01,2.0339702310392953
2022-12-02,2.005596529692876
2022-12-05,1.9706632548325063
2022-12-06,1.9000476196703073
2022-12-07,1.9104198469309388
2022-12-08,2.024632177846981
2022-12-09,2.0085450521655335
2022-12-12,2.063468470667073
2022-12-13,2.1176977341593815
2022-12-14,2.071239404398321
2022-12-15,1.9898802130351827
2022-12-16,1.944174308575338
2022-12-19,1.908231541926524
2022-12-20,1.88516873662059
2022-12-21,1.931076964441089
2022-12-22,1.7985460615977866
2022-12-23,1.7831998521702042
2022-12-27,1.6577822770031019
2022-12-28,1.6487337868491643
2022-12-29,1.7161130500510744
2022-12-30,1.7181366306527357
2023-01-03,1.6757125556878156
2023-01-04,1.7257047357402906
2023-01-05,1.6717187041316888
2023-01-06,1.7393740225288448
2023-01-09,1.8257523376847398
2023-01-10,1.8554038623037097
2023-01-11,1.8695880367801903
2023-01-12,1.923977362167736
2023-01-13,1.9656529816809
2023-01-17,2.0568498447637733
2023-01-18,2.020803385828634
2023-01-19,1.9553134858450005
2023-01-20,2.074502003942904
2023-01-23,2.2260782594620614
2023-01-24,2.2357574427865234
2023-01-25,2.2408222301126597
2023-01-26,2.3026484272322993
2023-01-27,2.3743429565436007
2023-01-30,2.237744098502377
2023-01-31,2.2825651517710446
2023-02-01,2.4365114265881878
2023-02-02,2.526240171687
2023-02-03,2.465665652096806
2023-02-06,2.464721135480911
2023-02-07,2.5830454787372377
2023-02-08,2.5872113484993235
2023-02-09,2.6030595477071112
2023-02-10,2.484654672798459
2023-02-13,2.541253816774335
2023-02-14,2.673310813495247
2023-02-15,2.655417680646422
2023-02-16,2.567468801802517
2023-02-17,2.5047343433721228
2023-02-21,2.41843801573753
2023-02-22,2.430031197164254
2023-02-23,2.7412294870539533
2023-02-24,2.696970482887756
2023-02-27,2.725907856650688
2023-02-28,2.6948912793902315
2023-03-01,2.636505253888316
2023-03-02,2.6956251293439837
2023-03-03,2.7652694838886727
2023-03-06,2.729932381048605
2023-03-07,2.6971652252768803
2023-03-08,2.788994509402327
2023-03-09,2.7038154438024837
2023-03-10,2.6528525007511607
2023-03-13,2.655267480621299
2023-03-14,2.7770211507314935
2023-03-15,2.793619156004356
2023-03-16,2.9359770471148776
2023-03-17,2.952587522692801
2023-03-20,2.9746546002306946
2023-03-21,3.016782239954922
2023-03-22,3.0399016947760638
2023-03-23,3.116912820052695
2023-03-24,3.0743263968508785
2023-03-27,3.0471326256212525
2023-03-28,3.032364551619709
2023-03-29,3.0979066177122774
2023-03-30,3.1421463467509816
2023-03-31,3.193986151406788
2023-04-03,3.207622751783887
2023-04-04,3.1514165038579924
2023-04-05,3.085581933218199
2023-04-06,3.1028762149642546
2023-04-10,3.156390202625157
2023-04-11,3.113947446142481
2023-04-12,3.0393459767139164
2023-04-13,3.0439501554969866
2023-04-14,3.0744705812728124
2023-04-17,3.100893582473875
2023-04-18,3.1703933203873897
2023-04-19,3.196184438919263
2023-04-20,3.096790243753302
2023-04-21,3.0988448937521427
2023-04-24,3.088996334525348
2023-04-25,3.0029353865578536
2023-04-26,3.072962125941294
2023-04-27,3.110396594128094
2023-04-28,3.168744471437057
2023-05-01,3.287399374829018
2023-05-02,3.2127102108446826
2023-05-03,3.1693711894957297
2023-05-04,3.1433010555660754
2023-05-05,3.2737841010231383
2023-05-08,3.3238348472411494
2023-05-09,3.2599696760029775
2023-05-10,3.2944974536700573
2023-05-11,3.2651615486158816
2023-05-12,3.2360747086523123
2023-05-15,3.2977945320332145
2023-05-16,3.3248852996030918
2023-05-17,3.4316425043361005
2023-05-18,3.5916067620271503
2023-05-19,3.5509134720303788
2023-05-22,3.5482585648361935
2023-05-23,3.4925036010649055
2023-05-24,3.475182685652766
2023-05-25,4.24819878288927
2023-05-26,4.357738188337511
2023-05-30,4.485188845922905
2023-05-31,4.255409343281282
2023-06-01,4.4604373432229245
2023-06-02,4.421935317006577
2023-06-05,4.406735517526418
2023-06-06,4.355895675932263
2023-06-07,4.236596509698843
2023-06-08,4.3534015530429775
2023-06-09,4.387436729323335
2023-06-12,4.467841627071784
2023-06-13,4.631995278096575
2023-06-14,4.835032830526479
2023-06-15,4.801338160854746
2023-06-16,4.807341930050571
2023-06-20,4.93213986357719
2023-06-21,4.842463049721775
2023-06-22,4.848210755080081
2023-06-23,4.758040521761535
2023-06-26,4.582986188753612
2023-06-27,4.721569514848704
2023-06-28,4.649476388066587
2023-06-29,4.619904272633086
2023-06-30,4.780798725834411
2023-07-03,4.802880454351868
2023-07-05,4.793912065278281
2023-07-06,4.76796744453813
2023-07-07,4.806368006717967
2023-07-10,4.7675056713419215
2023-07-11,4.7906063214680445
2023-07-12,4.947528356896775
2023-07-13,5.166081566650617
2023-07-14,5.116614777044474
2023-07-17,5.228854081411845
2023-07-18,5.336068863495544
2023-07-19,5.2946115417343815
2023-07-20,5.112351798549954
2023-07-21,4.984877508765802
2023-07-24,5.0233404756547655
2023-07-25,5.131471658000985
2023-07-26,5.108455485726005
2023-07-27,5.146357197061113
2023-07-28,5.244976208338111
2023-07-31,5.24453372153919
2023-08-01,5.216113853728919
2023-08-02,4.977941717849328
2023-08-03,5.005587223064485
2023-08-04,5.005593991054586
2023-08-07,5.07480985833187
2023-08-08,4.997534000415259
2023-08-09,4.774526292270684
2023-08-10,4.760267864807285
2023-08-11,4.601609871626462
2023-08-14,4.897996951708539
2023-08-15,4.90920935741241
2023-08-16,4.856232555273256
2023-08-17,4.832083928805273
2023-08-18,4.825561172027485
2023-08-21,5.213386990003067
2023-08-22,5.085802743473746
2023-08-23,5.241590009393156
2023-08-24,5.23280935740542
2023-08-25,5.128527672172633
2023-08-28,5.214228814432231
2023-08-29,5.432057681928263
2023-08-30,5.48582552391287
2023-08-31,5.497261384811504
2023-09-01,5.4027691632930175
2023-09-05,5.416906155084208
2023-09-06,5.251924915829289
2023-09-07,5.160402927675781
2023-09-08,5.090901741957523
2023-09-11,5.072717988709328
2023-09-12,5.032250633080078
2023-09-13,5.095253855720731
2023-09-14,5.110145660223234
2023-09-15,4.93642505008667
2023-09-18,4.94156909179439
2023-09-19,4.8979703448438725
2023-09-20,4.759051942731113
2023-09-21,4.62695799223136
2023-09-22,4.681186288628822
2023-09-25,4.746978358174902
2023-09-26,4.707437316461179
2023-09-27,4.759866927372745
2023-09-28,4.827967482109127
2023-09-29,4.873431642879455
2023-10-02,5.0087109063947395
2023-10-03,4.874543658821647
2023-10-04,4.9405088331406395
2023-10-05,5.007902811195944
2023-10-06,5.121192850256035
2023-10-09,5.072841257496029
2023-10-10,5.128999981517145
2023-10-11,5.233569017433426
2023-10-12,5.246023648178242
2023-10-13,5.085663827561477
2023-10-16,5.152830356475401
2023-10-17,4.931455215378543
2023-10-18,4.742765352410773
2023-10-19,4.715054012939146
2023-10-20,4.632428907970987
2023-10-23,4.7946643025769005
2023-10-24,4.868202204817623
2023-10-25,4.670468417897738
2023-10-26,4.511396324430053
2023-10-27,4.531847730958074
2023-10-30,4.593581442352314
2023-10-31,4.558752827019075
2023-11-01,4.725068773814657
2023-11-02,4.861331816917397
2023-11-03,5.013843881776102
2023-11-06,5.092030596058777
2023-11-07,5.119676157179705
2023-11-08,5.18301440413663
2023-11-09,5.209935883822082
2023-11-10,5.360641516589551
2023-11-13,5.395246521071225
2023-11-14,5.516952899758582
2023-11-15,5.444792270524914
2023-11-16,5.499157281917314
2023-11-17,5.48155922912397
2023-11-20,5.597684268052114
2023-11-21,5.554075479995485
2023-11-22,5.42537524768157
2023-11-24,5.329243213922062
2023-11-27,5.376238111513874
2023-11-28,5.343827630351255
2023-11-29,5.372750604343526
2023-11-30,5.230971255404796
2023-12-01,5.231744874829469
2023-12-04,5.098166488213855
2023-12-05,5.214376256256033
2023-12-06,5.104340903627572
2023-12-07,5.22200776449309
2023-12-08,5.317813234012333
2023-12-11,5.221188431493008
2023-12-12,5.326008407542635
2023-12-13,5.376276535314718
2023-12-14,5.413101798549201
2023-12-15,5.469410731573103
2023-12-18,5.587037392174867
2023-12-19,5.544203967198735
2023-12-20,5.381195794243603
2023-12-21,5.476745514748332
2023-12-22,5.45728449814125
2023-12-26,5.505652636918039
2023-12-27,5.524020499605625
2023-12-28,5.5281172345481
2023-12-29,5.522635826735561
2024-01-02,5.3754026463358136
2024-01-03,5.304096901535137
2024-01-04,5.343845500224835
2024-01-05,5.453846548837776
2024-01-08,5.781726205316042
2024-01-09,5.865631651924052
2024-01-10,5.987939776245775
2024-01-11,6.027476676783607
2024-01-12,6.008522144171218
2024-01-16,6.17276427702918
2024-01-17,6.133533732123015
2024-01-18,6.245349486743588
2024-01-19,6.487598145902072
2024-01-22,6.503541598908444
2024-01-23,6.528001114602463
2024-01-24,6.673157091002482
2024-01-25,6.667214207168289
2024-01-26,6.606892831092437
2024-01-29,6.758230571961953
2024-01-30,6.782007345725147
2024-01-31,6.647468066794574
2024-02-01,6.80167496808235
2024-02-02,7.105946741350276
2024-02-05,7.409514722971516
2024-02-06,7.311157630876887
2024-02-07,7.498550906198605
2024-02-08,7.454589199124394
2024-02-09,7.704362224703472
2024-02-12,7.704153123051867
2024-02-13,7.681583932865907
2024-02-14,7.858808910335129
2024-02-15,7.756928310802704
2024-02-16,7.747974257207871
2024-02-20,7.430169094593501
2024-02-21,7.240418118128492
2024-02-22,8.329775989514982
2024-02-23,8.343702045572755
2024-02-26,8.378947564601429
2024-02-27,8.345353097558487
2024-02-28,8.245838781083615
2024-02-29,8.384178314420488
2024-03-01,8.688630172650265
2024-03-04,8.9379681213953
2024-03-05,8.98015326911528
2024-03-06,9.229999426940765
2024-03-07,9.60996655304986
2024-03-08,9.122945589305102
2024-03-11,8.966350338596843
2024-03-12,9.551486497009458
2024-03-13,9.432390781887948
2024-03-14,9.144051889340833
2024-03-15,9.135871524509305
2024-03-18,9.219518595880517
2024-03-19,9.310062874226686
2024-03-20,9.41810224309748
2024-03-21,9.494040656076958
2024-03-22,9.761793009667102
2024-03-25,9.82850787888592
2024-03-26,9.606379778511359
2024-03-27,9.40306932212125
2024-03-28,9.400293901972523
2024-04-01,9.395048802230361
2024-04-02,9.287844429187654
2024-04-03,9.247562374576857
2024-04-04,8.96238909541415
2024-04-05,9.151383750748572
2024-04-08,9.082198503232318
2024-04-09,8.924538631526733
2024-04-10,9.070378440434867
2024-04-11,9.435867152953923
2024-04-12,9.202331460558083
2024-04-15,8.964205922578428
2024-04-16,9.080814568934011
2024-04-17,8.753723849373163
2024-04-18,8.798948156638126
2024-04-19,7.985679995358243
2024-04-22,8.294053809350398
2024-04-23,8.578019909142443
2024-04-24,8.363778279526636
2024-04-25,8.66382874145281
2024-04-26,9.146323518126216
2024-04-29,9.213665200043781
2024-04-30,9.055404726949586
2024-05-01,8.725778919239447
2024-05-02,9.001589276360303
2024-05-03,9.315032606391922
2024-05-06,9.63767129421787
2024-05-07,9.47421595755696
2024-05-08,9.455457774836347
2024-05-09,9.296550200795735
2024-05-10,9.393105181741257
2024-05-13,9.45839869903729
2024-05-14,9.56479767809781
2024-05-15,9.875058443745077
2024-05-16,9.85158423782707
2024-05-17,9.67866231668945
2024-05-20,9.895578843224156
2024-05-21,9.982361504696929
2024-05-22,9.923243977803773
2024-05-23,10.741007894388558
2024-05-24,11.014715995046625
2024-05-28,11.708586704156827
2024-05-29,11.795135376121767
2024-05-30,11.400122293994986
2024-05-31,11.319607328713857
2024-06-03,11.825344271332938
2024-06-04,11.95721816218132
2024-06-05,12.523496033483868
2024-06-06,12.392951469676904
2024-06-07,12.389334236953102
2024-06-10,12.45123923410384
2024-06-11,12.407077313809488
2024-06-12,12.844509574867836
2024-06-13,13.274403528163932
2024-06-14,13.468012813900936
2024-06-17,13.425347136416761
2024-06-18,13.839896228758667
2024-06-20,13.369134428816833
2024-06-21,12.974280640164967
2024-06-24,12.185760949314522
2024-06-25,12.950268765018905
2024-06-26,13.016487664410306
2024-06-27,12.795901711182573
2024-06-28,12.744113771923457
2024-07-01,12.864148219891469
2024-07-02,12.771714967126734
2024-07-03,13.339335285008449
2024-07-05,13.132873874143655
2024-07-08,13.365297040015111
2024-07-09,13.688747662912425
2024-07-10,14.038615340299087
2024-07-11,13.264946307749618
2024-07-12,13.463449071172993
2024-07-15,13.408330654424566
2024-07-16,13.219894381372951
2024-07-17,12.389651902825351
2024-07-18,12.67433677793289
2024-07-19,12.354017628347096
2024-07-22,12.912449132728696
2024-07-23,12.815038591468129
2024-07-24,11.941757025972997
2024-07-25,11.760427195188838
2024-07-26,11.83517747217064
2024-07-29,11.72133541692784
2024-07-30,10.952910597522356
2024-07-31,12.256639383203746
2024-08-01,11.470587165310807
2024-08-02,11.270451876598456
2024-08-05,10.572007864829667
2024-08-06,10.934390619139576
2024-08-07,10.412931724835628
2024-08-08,11.017345927811272
2024-08-09,11.006552216442367
2024-08-12,11.413036173978167
2024-08-13,12.124587123789032
2024-08-14,12.295751396445082
2024-08-15,12.787328968162472
2024-08-16,12.958715265348756
2024-08-19,13.48667783808553
2024-08-20,13.225095898430663
2024-08-21,13.348017320702045
2024-08-22,12.863285883679113
2024-08-23,13.425513562224909
2024-08-26,13.134986374396792
2024-08-27,13.302006987972655
2024-08-28,13.035063603490393
2024-08-29,12.288461910443326
2024-08-30,12.473558517906532
2024-09-03,11.366757322157122
2024-09-04,11.208517653234146
2024-09-05,11.329692944495752
2024-09-06,10.867482462136818
2024-09-09,11.22887995272819
2024-09-10,11.403044910831118
2024-09-11,12.259597609570953
2024-09-12,12.476251393888237
2024-09-13,12.472665063852697
2024-09-16,12.22643385873668
2024-09-17,12.116639367923371
2024-09-18,11.914601377503413
2024-09-19,12.401448983421702
2024-09-20,12.20940476356604
2024-09-23,12.252718863380663
2024-09-24,12.705535555876882
2024-09-25,12.960575026018176
2024-09-26,13.009149645274737
2024-09-27,12.770167746457629
2024-09-30,12.79117113768694
2024-10-01,12.33956563153339
2024-10-02,12.502228020411158
2024-10-03,12.86599414405178
2024-10-04,13.086000542876938
2024-10-07,13.319293273338742
2024-10-08,13.83045684531312
2024-10-09,13.81205283395458
2024-10-10,14.010225981250601
2024-10-11,13.957311549482345
2024-10-14,14.28066208522919
2024-10-15,13.680578894676533
2024-10-16,14.068473635614888
2024-10-17,14.182726752559832
2024-10-18,14.292067847232982
2024-10-21,14.830398861566314
2024-10-22,14.814841046409628
2024-10-23,14.408635340528857
2024-10-24,14.609313897671163
2024-10-25,14.737848427267293
2024-10-28,14.633603054275337
2024-10-29,14.697266972882659
2024-10-30,14.500557077953667
2024-10-31,13.847019722490328
2024-11-01,14.08640239699019
2024-11-04,14.13169297853191
2024-11-05,14.520612037642373
2024-11-06,15.139036159754507
2024-11-07,15.48200831825429
2024-11-08,15.41059166386536
2024-11-11,15.228958145093582
2024-11-12,15.482154859213571
2024-11-13,15.2964917786574
2024-11-14,15.319997376025986
2024-11-15,14.87275014975166
2024-11-18,14.740597387056242
2024-11-19,15.41040897577201
2024-11-20,15.299227927082093
2024-11-21,15.367936286087236
2024-11-22,14.944858459774006
2024-11-25,14.363758491251177
2024-11-26,14.45661049513215
2024-11-27,14.295565737341011
2024-11-29,14.6031118170986
2024-12-02,14.666178794231742
2024-12-03,14.823804385310654
2024-12-04,15.304988568860361
2024-12-05,15.316406644452908
2024-12-06,15.095372219129212
2024-12-09,14.75848286358314
2024-12-10,14.415930639551929
2024-12-11,14.856922799457125
2024-12-12,14.661244676231247
2024-12-13,14.385919737298392
2024-12-16,14.209044945000313
2024-12-17,14.078223115359464
2024-12-18,13.872498652072414
2024-12-19,14.04608112083825
2024-12-20,14.434256457024933
2024-12-23,14.933907918386465
2024-12-24,15.038459359503292
2024-12-26,15.00240275907966
2024-12-27,14.678701708348854
2024-12-30,14.69691090645991
2024-12-31,14.361845077724746
2025-01-02,14.700327989849441
2025-01-03,15.341236675137365
2025-01-06,15.826874728085954
2025-01-07,14.89723287964183
2025-01-08,14.89671648018201
2025-01-10,14.471524172057475
2025-01-13,14.216159898073073
2025-01-14,14.060475008533771
2025-01-15,14.553293458931105
2025-01-16,14.244718187958737
2025-01-17,14.668913866332842
2025-01-21,14.94424585300217
2025-01-22,15.538976133235286
2025-01-23,15.54887024448863
2025-01-24,15.095065342087413
2025-01-27,12.774553852774229
2025-01-28,13.837614689628657
2025-01-29,13.312279419870807
2025-01-30,13.415005134286389
2025-01-31,12.967270553420072
2025-02-03,12.583756616474444
2025-02-04,12.803461604523337
2025-02-05,13.391984493497462
2025-02-06,13.76494925290364
2025-02-07,13.843046426691636
2025-02-10,14.189096505604109
2025-02-11,14.09594076046119
2025-02-12,13.961953893429994
2025-02-13,14.409226040174847
2025-02-14,14.763612864060535
2025-02-18,14.813687117446959
2025-02-19,14.808855934878471
2025-02-20,14.887310449404412
2025-02-21,14.310239627378749
2025-02-24,13.900878527572987
2025-02-25,13.501350406964926
2025-02-26,13.913394134293151
2025-02-27,12.81424667558565
2025-02-28,13.30918431083862
2025-03-03,12.230621579953443
2025-03-04,12.392657325196296
2025-03-05,12.531919377109057
2025-03-06,11.849266604589378
2025-03-07,12.064383226091483
2025-03-10,11.406395000694214
2025-03-11,11.578736266800455
2025-03-12,12.27861814106773
2025-03-13,12.227899255918613
2025-03-14,12.843960929410244
2025-03-17,12.616246365566912
2025-03-18,12.192473171929397
2025-03-19,12.422870009492977
2025-03-20,12.517498245412895
2025-03-21,12.475555955810146
2025-03-24,12.897960765442816
2025-03-25,12.854739088813483
2025-03-26,12.14870941266324
2025-03-27,11.930555972661333
2025-03-28,11.726680479882438
2025-03-31,11.605273202040287
2025-04-01,11.796651985706974
2025-04-02,11.849024753613275
2025-04-03,10.925906909578766
2025-04-04,10.109550816946374
2025-04-07,10.40549876525056
2025-04-08,10.229340040965807
2025-04-09,12.142360988695623
2025-04-10,11.42847692267846
2025-04-11,11.777053656290505
2025-04-14,11.769173933517003
2025-04-15,11.915387950227409
2025-04-16,11.123624427452002
2025-04-17,10.840531691995972
2025-04-21,10.360480813727431
2025-04-22,10.589589355360246
2025-04-23,10.997012921673575
2025-04-24,11.384755944184036
2025-04-25,11.8761853924168
2025-04-28,11.658131379315265
2025-04-29,11.699119240141663
2025-04-30,11.67781319062164
2025-05-01,11.940054569398436
2025-05-02,12.209583213858792
2025-05-05,12.112534809453148
2025-05-06,12.076067087926843
2025-05-07,12.411296712975632
2025-05-08,12.46008925000493
2025-05-09,12.41647221459014
2025-05-12,13.103250745130646
2025-05-13,13.806934722359669
2025-05-14,14.349893607484601
2025-05-15,14.289910548066093
2025-05-16,14.355718066119792
2025-05-19,14.35104905553358
2025-05-20,14.232403229803687
2025-05-21,13.952200709865068
2025-05-22,14.059163360086915
2025-05-23,13.886298888717803
2025-05-27,14.346693975449776
2025-05-28,14.271857486372523
2025-05-29,14.694602234860875
2025-05-30,14.288946459606414
2025-06-02,14.50265055653728
